dataset,episode_id,source_map,snapshot_id,decision_index_0based,source_iteration,authors_commit,start,target,sensor_radius,sight_count,closed_sight_count,source_graph_nodes,source_graph_edges,skeleton_vertices,asp_vertices,start_target_distance,target_visible_original_predicate,target_visible_derived_predicate,direct_segment_sight_certified,target_at_sight_range_boundary,source_graph_has_direct_edge,direct_line_ground_truth_interior_crossing_offline,direct_line_ground_truth_boundary_contact_offline,asp_endpoints_match,data_complete,eligible_by_independent_rule,listed_eligible_in_frozen_manifest,eligibility_checker_mismatch,primary_reason,secondary_reasons,scientifically_comparable_as_direct_path,excluded_by_predefined_nontrivial_protocol,source_episode_goal_reached
robot-local-benchmark,_map_deadend.csv,_map_deadend.csv,_map_deadend-00,0,1,8bbbfb81cbe76c9f559f15f5c68f1eb4998915d8,"[0, 0]","[-0.7218395893, 19.9869694453]",20.0,1,8,7,6,2,2,20.000000000000917,False,True,True,True,True,False,False,True,True,False,False,False,direct_target_at_range_boundary_no_bundle_refinement,two_vertex_skeleton;two_vertex_asp;source_direct_graph_edge;strict_radius_boundary,True,True,
robot-local-benchmark,_map_deadend.csv,_map_deadend.csv,_map_deadend-01,1,2,8bbbfb81cbe76c9f559f15f5c68f1eb4998915d8,"[-0.7218395893, 19.9869694453]","[19.2753779357, 19.6533660013]",20.0,2,18,9,8,2,2,20.000000000000394,False,True,True,True,True,False,False,True,True,False,False,False,direct_target_at_range_boundary_no_bundle_refinement,two_vertex_skeleton;two_vertex_asp;source_direct_graph_edge;strict_radius_boundary,True,True,
robot-local-benchmark,_map_deadend.csv,_map_deadend.csv,_map_deadend-02,2,3,8bbbfb81cbe76c9f559f15f5c68f1eb4998915d8,"[19.2753779357, 19.6533660013]","[26.158043373, 38.4317822412]",20.0,3,36,10,9,2,2,20.0000000000186,False,True,True,True,True,False,False,True,True,False,False,False,direct_target_at_range_boundary_no_bundle_refinement,two_vertex_skeleton;two_vertex_asp;source_direct_graph_edge;strict_radius_boundary,True,True,
robot-local-benchmark,_map_deadend.csv,_map_deadend.csv,_map_deadend-03,3,4,8bbbfb81cbe76c9f559f15f5c68f1eb4998915d8,"[26.158043373, 38.4317822412]","[19.6355890808, -3.8004791077]",20.0,4,48,10,9,5,25,42.732965128055774,False,False,False,False,False,True,False,True,True,True,True,False,eligible_nontrivial_bundle,,False,False,
robot-local-benchmark,_map_deadend.csv,_map_deadend.csv,_map_deadend-04,4,5,8bbbfb81cbe76c9f559f15f5c68f1eb4998915d8,"[19.6355890808, -3.8004791077]","[29.781401685, 13.4350216567]",20.0,5,60,12,11,2,2,19.999999999979416,True,True,True,True,True,False,False,True,True,False,False,False,direct_target_visible_no_bundle_refinement,two_vertex_skeleton;two_vertex_asp;current_sight_target_visible,True,True,
robot-local-benchmark,_map_deadend.csv,_map_deadend.csv,_map_deadend-05,5,6,8bbbfb81cbe76c9f559f15f5c68f1eb4998915d8,"[29.781401685, 13.4350216567]","[-14.9676961384, 34.0246177948]",20.0,6,71,12,11,5,22,49.25863604626386,False,False,False,False,False,True,False,True,True,True,True,False,eligible_nontrivial_bundle,,False,False,
robot-local-benchmark,_map_deadend.csv,_map_deadend.csv,_map_deadend-06,6,7,8bbbfb81cbe76c9f559f15f5c68f1eb4998915d8,"[-14.9676961384, 34.0246177948]","[-4.7707320046, 51.2299054254]",20.0,7,77,17,16,2,2,19.99999999994202,True,True,True,True,True,False,False,True,True,False,False,False,direct_target_visible_no_bundle_refinement,two_vertex_skeleton;two_vertex_asp;current_sight_target_visible,True,True,
robot-local-benchmark,_map_deadend.csv,_map_deadend.csv,_map_deadend-07,7,8,8bbbfb81cbe76c9f559f15f5c68f1eb4998915d8,"[-4.7707320046, 51.2299054254]","[9.7692350344, 64.9626895023]",20.0,8,92,20,19,2,2,19.999999999949114,True,True,True,True,True,False,False,True,True,False,False,False,direct_target_visible_no_bundle_refinement,two_vertex_skeleton;two_vertex_asp;current_sight_target_visible,True,True,
robot-local-benchmark,_map_deadend.csv,_map_deadend.csv,_map_deadend-08,8,9,8bbbfb81cbe76c9f559f15f5c68f1eb4998915d8,"[9.7692350344, 64.9626895023]","[29.2354894369, 60.3730337921]",20.0,9,108,21,20,2,2,20.00000000002555,False,True,True,True,True,False,False,True,True,False,False,False,direct_target_at_range_boundary_no_bundle_refinement,two_vertex_skeleton;two_vertex_asp;source_direct_graph_edge;strict_radius_boundary,True,True,
robot-local-benchmark,_map_deadend.csv,_map_deadend.csv,_map_deadend-09,9,10,8bbbfb81cbe76c9f559f15f5c68f1eb4998915d8,"[29.2354894369, 60.3730337921]","[40.5194607514, 43.8602511262]",20.0,10,126,22,21,2,2,19.999999999942663,True,True,True,True,True,False,False,True,True,False,False,False,direct_target_visible_no_bundle_refinement,two_vertex_skeleton;two_vertex_asp;current_sight_target_visible,True,True,
robot-local-benchmark,_map_deadend.csv,_map_deadend.csv,_map_deadend-10,10,11,8bbbfb81cbe76c9f559f15f5c68f1eb4998915d8,"[40.5194607514, 43.8602511262]","[14.6788758165, 46.5702106279]",20.0,11,139,22,21,5,20,25.982296093275412,False,False,False,False,False,True,False,True,True,True,True,False,eligible_nontrivial_bundle,,False,False,
robot-local-benchmark,_map_deadend.csv,_map_deadend.csv,_map_deadend-11,11,12,8bbbfb81cbe76c9f559f15f5c68f1eb4998915d8,"[14.6788758165, 46.5702106279]","[4.9567089108, 35.7618809971]",20.0,12,152,22,21,4,13,14.537555459922332,False,False,False,False,False,True,False,True,True,True,True,False,eligible_nontrivial_bundle,,False,False,
robot-local-benchmark,_map_deadend.csv,_map_deadend.csv,_map_deadend-12,12,13,8bbbfb81cbe76c9f559f15f5c68f1eb4998915d8,"[4.9567089108, 35.7618809971]","[-16.0449473377, 67.7493505923]",20.0,13,164,22,21,4,7,38.26575200207104,False,False,True,False,False,False,False,True,True,True,True,False,eligible_nontrivial_bundle,,False,False,
robot-local-benchmark,_map_deadend.csv,_map_deadend.csv,_map_deadend-13,13,14,8bbbfb81cbe76c9f559f15f5c68f1eb4998915d8,"[-16.0449473377, 67.7493505923]","[-3.6840694768, 83.4722224199]",20.0,14,165,26,25,2,2,19.999999999980638,True,True,True,True,True,False,False,True,True,False,False,False,direct_target_visible_no_bundle_refinement,two_vertex_skeleton;two_vertex_asp;current_sight_target_visible,True,True,
robot-local-benchmark,_map_deadend.csv,_map_deadend.csv,_map_deadend-14,14,15,8bbbfb81cbe76c9f559f15f5c68f1eb4998915d8,"[-3.6840694768, 83.4722224199]","[5.8683616921, 101.0435359384]",20.0,15,171,29,28,2,2,20.00000000004982,False,True,True,True,True,False,False,True,True,False,False,False,direct_target_at_range_boundary_no_bundle_refinement,two_vertex_skeleton;two_vertex_asp;source_direct_graph_edge;strict_radius_boundary,True,True,
robot-local-benchmark,_map_deadend.csv,_map_deadend.csv,_map_deadend-15,15,16,8bbbfb81cbe76c9f559f15f5c68f1eb4998915d8,"[5.8683616921, 101.0435359384]","[25.5306448196, 104.7034023586]",20.0,16,182,33,32,2,2,19.99999999999197,True,True,True,True,True,False,False,True,True,False,False,False,direct_target_visible_no_bundle_refinement,two_vertex_skeleton;two_vertex_asp;current_sight_target_visible,True,True,
robot-local-benchmark,_map_deadend.csv,_map_deadend.csv,_map_deadend-16,16,17,8bbbfb81cbe76c9f559f15f5c68f1eb4998915d8,"[25.5306448196, 104.7034023586]","[41.6308801389, 116.56857925]",20.0,17,194,34,33,2,2,20.00000000002619,False,True,True,True,True,False,False,True,True,False,False,False,direct_target_at_range_boundary_no_bundle_refinement,two_vertex_skeleton;two_vertex_asp;source_direct_graph_edge;strict_radius_boundary,True,True,
robot-local-benchmark,_map_deadend.csv,_map_deadend.csv,_map_deadend-17,17,18,8bbbfb81cbe76c9f559f15f5c68f1eb4998915d8,"[41.6308801389, 116.56857925]","[51.6664145093, 99.2686356114]",20.0,18,195,38,37,2,2,19.999999999955406,True,True,True,True,True,False,False,True,True,False,False,False,direct_target_visible_no_bundle_refinement,two_vertex_skeleton;two_vertex_asp;current_sight_target_visible,True,True,
robot-local-benchmark,_map_deadend.csv,_map_deadend.csv,_map_deadend-18,18,19,8bbbfb81cbe76c9f559f15f5c68f1eb4998915d8,"[51.6664145093, 99.2686356114]","[66.3902117687, 85.733134355]",20.0,19,204,41,40,2,2,19.99999999994802,True,True,True,True,True,False,False,True,True,False,False,False,direct_target_visible_no_bundle_refinement,two_vertex_skeleton;two_vertex_asp;current_sight_target_visible,True,True,
robot-local-benchmark,_map_deadend.csv,_map_deadend.csv,_map_deadend-19,19,20,8bbbfb81cbe76c9f559f15f5c68f1eb4998915d8,"[66.3902117687, 85.733134355]","[70, 90]",20.0,20,222,41,40,2,2,5.588981437374186,True,True,True,False,False,False,False,True,True,False,False,False,direct_target_visible_no_bundle_refinement,two_vertex_skeleton;two_vertex_asp;current_sight_target_visible,True,True,
robot-local-benchmark,_map_deadend.csv,_map_deadend.csv,_map_deadend-20,20,21,8bbbfb81cbe76c9f559f15f5c68f1eb4998915d8,"[70, 90]","[70, 90]",20.0,21,237,41,40,2,2,0.0,True,True,True,False,False,False,False,True,True,False,False,False,direct_target_visible_no_bundle_refinement,two_vertex_skeleton;two_vertex_asp;current_sight_target_visible,True,True,
robot-local-benchmark,_map_bugtrap.csv,_map_bugtrap.csv,_map_bugtrap-00,0,1,8bbbfb81cbe76c9f559f15f5c68f1eb4998915d8,"[0, 0]","[17.88854382, 8.94427191]",20.0,1,0,7,6,2,2,20.00000000000188,False,True,True,True,True,False,False,True,True,False,False,False,direct_target_at_range_boundary_no_bundle_refinement,two_vertex_skeleton;two_vertex_asp;source_direct_graph_edge;strict_radius_boundary,True,True,
robot-local-benchmark,_map_bugtrap.csv,_map_bugtrap.csv,_map_bugtrap-01,1,2,8bbbfb81cbe76c9f559f15f5c68f1eb4998915d8,"[17.88854382, 8.94427191]","[37.7726121504, 6.7939634132]",20.0,2,2,11,10,2,2,19.999999999985665,True,True,True,True,True,False,False,True,True,False,False,False,direct_target_visible_no_bundle_refinement,two_vertex_skeleton;two_vertex_asp;current_sight_target_visible,True,True,
robot-local-benchmark,_map_bugtrap.csv,_map_bugtrap.csv,_map_bugtrap-02,2,3,8bbbfb81cbe76c9f559f15f5c68f1eb4998915d8,"[37.7726121504, 6.7939634132]","[54.8882213862, -3.5528196854]",20.0,3,5,14,13,2,2,20.000000000051923,False,True,True,True,True,False,False,True,True,False,False,False,direct_target_at_range_boundary_no_bundle_refinement,two_vertex_skeleton;two_vertex_asp;source_direct_graph_edge;strict_radius_boundary,True,True,
robot-local-benchmark,_map_bugtrap.csv,_map_bugtrap.csv,_map_bugtrap-03,3,4,8bbbfb81cbe76c9f559f15f5c68f1eb4998915d8,"[54.8882213862, -3.5528196854]","[69.2119730273, 10.4053370312]",20.0,4,14,18,17,2,2,20.00000000002702,False,True,True,True,True,False,False,True,True,False,False,False,direct_target_at_range_boundary_no_bundle_refinement,two_vertex_skeleton;two_vertex_asp;source_direct_graph_edge;strict_radius_boundary,True,True,
robot-local-benchmark,_map_bugtrap.csv,_map_bugtrap.csv,_map_bugtrap-04,4,5,8bbbfb81cbe76c9f559f15f5c68f1eb4998915d8,"[69.2119730273, 10.4053370312]","[84.5638164387, 23.2241085742]",20.0,5,28,20,19,2,2,19.9999999999943,True,True,True,True,True,False,False,True,True,False,False,False,direct_target_visible_no_bundle_refinement,two_vertex_skeleton;two_vertex_asp;current_sight_target_visible,True,True,
robot-local-benchmark,_map_bugtrap.csv,_map_bugtrap.csv,_map_bugtrap-05,5,6,8bbbfb81cbe76c9f559f15f5c68f1eb4998915d8,"[84.5638164387, 23.2241085742]","[99.8218829669, 36.1543601502]",20.0,6,44,21,20,2,2,19.999999999940695,True,True,True,True,True,False,False,True,True,False,False,False,direct_target_visible_no_bundle_refinement,two_vertex_skeleton;two_vertex_asp;current_sight_target_visible,True,True,
robot-local-benchmark,_map_bugtrap.csv,_map_bugtrap.csv,_map_bugtrap-06,6,7,8bbbfb81cbe76c9f559f15f5c68f1eb4998915d8,"[99.8218829669, 36.1543601502]","[115.1563531052, 48.9939094249]",20.0,7,60,22,21,2,2,19.999999999996586,True,True,True,True,True,False,False,True,True,False,False,False,direct_target_visible_no_bundle_refinement,two_vertex_skeleton;two_vertex_asp;current_sight_target_visible,True,True,
robot-local-benchmark,_map_bugtrap.csv,_map_bugtrap.csv,_map_bugtrap-07,7,8,8bbbfb81cbe76c9f559f15f5c68f1eb4998915d8,"[115.1563531052, 48.9939094249]","[130.6438115979, 61.6484986888]",20.0,8,77,23,22,2,2,20.000000000027963,False,True,True,True,True,False,False,True,True,False,False,False,direct_target_at_range_boundary_no_bundle_refinement,two_vertex_skeleton;two_vertex_asp;source_direct_graph_edge;strict_radius_boundary,True,True,
robot-local-benchmark,_map_bugtrap.csv,_map_bugtrap.csv,_map_bugtrap-08,8,9,8bbbfb81cbe76c9f559f15f5c68f1eb4998915d8,"[130.6438115979, 61.6484986888]","[130.9894056149, 81.6455125853]",20.0,9,99,24,23,2,2,20.00000000003501,False,True,True,True,True,False,False,True,True,False,False,False,direct_target_at_range_boundary_no_bundle_refinement,two_vertex_skeleton;two_vertex_asp;source_direct_graph_edge;strict_radius_boundary,True,True,
robot-local-benchmark,_map_bugtrap.csv,_map_bugtrap.csv,_map_bugtrap-09,9,10,8bbbfb81cbe76c9f559f15f5c68f1eb4998915d8,"[130.9894056149, 81.6455125853]","[119.4553849275, 97.9846180315]",20.0,10,121,25,24,2,2,19.99999999998534,True,True,True,True,True,False,False,True,True,False,False,False,direct_target_visible_no_bundle_refinement,two_vertex_skeleton;two_vertex_asp;current_sight_target_visible,True,True,
robot-local-benchmark,_map_bugtrap.csv,_map_bugtrap.csv,_map_bugtrap-10,10,11,8bbbfb81cbe76c9f559f15f5c68f1eb4998915d8,"[119.4553849275, 97.9846180315]","[138.5622457906, 103.8945984002]",20.0,11,139,26,25,2,2,20.00000000000704,False,True,True,True,True,False,False,True,True,False,False,False,direct_target_at_range_boundary_no_bundle_refinement,two_vertex_skeleton;two_vertex_asp;source_direct_graph_edge;strict_radius_boundary,True,True,
robot-local-benchmark,_map_bugtrap.csv,_map_bugtrap.csv,_map_bugtrap-11,11,12,8bbbfb81cbe76c9f559f15f5c68f1eb4998915d8,"[138.5622457906, 103.8945984002]","[153.8682042331, 116.7681230208]",20.0,12,163,27,26,2,2,20.00000000001828,False,True,True,True,True,False,False,True,True,False,False,False,direct_target_at_range_boundary_no_bundle_refinement,two_vertex_skeleton;two_vertex_asp;source_direct_graph_edge;strict_radius_boundary,True,True,
robot-local-benchmark,_map_bugtrap.csv,_map_bugtrap.csv,_map_bugtrap-12,12,13,8bbbfb81cbe76c9f559f15f5c68f1eb4998915d8,"[153.8682042331, 116.7681230208]","[74.8138797609, -5.2756482706]",20.0,13,191,27,26,11,78,145.41068849566537,False,False,False,False,False,True,False,True,True,True,True,False,eligible_nontrivial_bundle,,False,False,
robot-local-benchmark,_map_bugtrap.csv,_map_bugtrap.csv,_map_bugtrap-13,13,14,8bbbfb81cbe76c9f559f15f5c68f1eb4998915d8,"[74.8138797609, -5.2756482706]","[92.958175558, 3.1377059967]",20.0,14,193,30,29,2,2,19.999999999993896,True,True,True,True,True,False,False,True,True,False,False,False,direct_target_visible_no_bundle_refinement,two_vertex_skeleton;two_vertex_asp;current_sight_target_visible,True,True,
robot-local-benchmark,_map_bugtrap.csv,_map_bugtrap.csv,_map_bugtrap-14,14,15,8bbbfb81cbe76c9f559f15f5c68f1eb4998915d8,"[92.958175558, 3.1377059967]","[112.9578507502, 3.0237226437]",20.0,15,199,33,32,2,2,19.999999999956533,True,True,True,True,True,False,False,True,True,False,False,False,direct_target_visible_no_bundle_refinement,two_vertex_skeleton;two_vertex_asp;current_sight_target_visible,True,True,
robot-local-benchmark,_map_bugtrap.csv,_map_bugtrap.csv,_map_bugtrap-15,15,16,8bbbfb81cbe76c9f559f15f5c68f1eb4998915d8,"[112.9578507502, 3.0237226437]","[131.6687982057, 10.0877473689]",20.0,16,205,37,36,2,2,20.000000000017977,False,True,True,True,True,False,False,True,True,False,False,False,direct_target_at_range_boundary_no_bundle_refinement,two_vertex_skeleton;two_vertex_asp;source_direct_graph_edge;strict_radius_boundary,True,True,
robot-local-benchmark,_map_bugtrap.csv,_map_bugtrap.csv,_map_bugtrap-16,16,17,8bbbfb81cbe76c9f559f15f5c68f1eb4998915d8,"[131.6687982057, 10.0877473689]","[146.869622402, 23.0852449648]",20.0,17,214,41,40,2,2,20.00000000005615,False,True,True,True,True,False,False,True,True,False,False,False,direct_target_at_range_boundary_no_bundle_refinement,two_vertex_skeleton;two_vertex_asp;source_direct_graph_edge;strict_radius_boundary,True,True,
robot-local-benchmark,_map_bugtrap.csv,_map_bugtrap.csv,_map_bugtrap-17,17,18,8bbbfb81cbe76c9f559f15f5c68f1eb4998915d8,"[146.869622402, 23.0852449648]","[166.7663300236, 25.1152759549]",20.0,18,222,42,41,2,2,20.00000000000505,False,True,True,True,True,False,False,True,True,False,False,False,direct_target_at_range_boundary_no_bundle_refinement,two_vertex_skeleton;two_vertex_asp;source_direct_graph_edge;strict_radius_boundary,True,True,
robot-local-benchmark,_map_bugtrap.csv,_map_bugtrap.csv,_map_bugtrap-18,18,19,8bbbfb81cbe76c9f559f15f5c68f1eb4998915d8,"[166.7663300236, 25.1152759549]","[168.9305697075, 44.9978327973]",20.0,19,228,46,45,2,2,20.000000000015866,False,True,True,True,True,False,False,True,True,False,False,False,direct_target_at_range_boundary_no_bundle_refinement,two_vertex_skeleton;two_vertex_asp;source_direct_graph_edge;strict_radius_boundary,True,True,
robot-local-benchmark,_map_bugtrap.csv,_map_bugtrap.csv,_map_bugtrap-19,19,20,8bbbfb81cbe76c9f559f15f5c68f1eb4998915d8,"[168.9305697075, 44.9978327973]","[170.4881521122, 64.9370889783]",20.0,20,238,49,48,2,2,19.99999999997444,True,True,True,True,True,False,False,True,True,False,False,False,direct_target_visible_no_bundle_refinement,two_vertex_skeleton;two_vertex_asp;current_sight_target_visible,True,True,
robot-local-benchmark,_map_bugtrap.csv,_map_bugtrap.csv,_map_bugtrap-20,20,21,8bbbfb81cbe76c9f559f15f5c68f1eb4998915d8,"[170.4881521122, 64.9370889783]","[160, 80]",20.0,21,246,49,48,2,2,18.354634923536253,True,True,True,False,False,False,False,True,True,False,False,False,direct_target_visible_no_bundle_refinement,two_vertex_skeleton;two_vertex_asp;current_sight_target_visible,True,True,
robot-local-benchmark,_map_bugtrap.csv,_map_bugtrap.csv,_map_bugtrap-21,21,22,8bbbfb81cbe76c9f559f15f5c68f1eb4998915d8,"[160, 80]","[160, 80]",20.0,22,259,49,48,2,2,0.0,True,True,True,False,False,False,False,True,True,False,False,False,direct_target_visible_no_bundle_refinement,two_vertex_skeleton;two_vertex_asp;current_sight_target_visible,True,True,
robot-local-extension,_map_block.csv,_map_block.csv,_map_block-00,0,1,8bbbfb81cbe76c9f559f15f5c68f1eb4998915d8,"[0, 0]","[2.2221466273, 19.8761682516]",20.0,1,6,7,6,2,2,19.999999999978314,True,True,True,True,True,False,False,True,True,False,False,False,direct_target_visible_no_bundle_refinement,two_vertex_skeleton;two_vertex_asp;current_sight_target_visible,True,True,True
robot-local-extension,_map_block.csv,_map_block.csv,_map_block-01,1,2,8bbbfb81cbe76c9f559f15f5c68f1eb4998915d8,"[2.2221466273, 19.8761682516]","[6.3306548658, 39.4496237476]",20.0,2,9,10,9,2,2,19.999999999992877,True,True,True,True,True,False,False,True,True,False,False,False,direct_target_visible_no_bundle_refinement,two_vertex_skeleton;two_vertex_asp;current_sight_target_visible,True,True,True
robot-local-extension,_map_block.csv,_map_block.csv,_map_block-02,2,3,8bbbfb81cbe76c9f559f15f5c68f1eb4998915d8,"[6.3306548658, 39.4496237476]","[26.143981548, 42.1758089549]",20.0,3,19,12,11,2,2,20.000000000001993,False,True,True,True,True,False,False,True,True,False,False,False,direct_target_at_range_boundary_no_bundle_refinement,two_vertex_skeleton;two_vertex_asp;source_direct_graph_edge;strict_radius_boundary,True,True,True
robot-local-extension,_map_block.csv,_map_block.csv,_map_block-03,3,4,8bbbfb81cbe76c9f559f15f5c68f1eb4998915d8,"[26.143981548, 42.1758089549]","[46.1431009255, 41.9881280454]",20.0,4,22,13,12,2,2,19.99999999998217,True,True,True,True,True,False,False,True,True,False,False,False,direct_target_visible_no_bundle_refinement,two_vertex_skeleton;two_vertex_asp;current_sight_target_visible,True,True,True
robot-local-extension,_map_block.csv,_map_block.csv,_map_block-04,4,5,8bbbfb81cbe76c9f559f15f5c68f1eb4998915d8,"[46.1431009255, 41.9881280454]","[64.8785028459, 34.9892199248]",20.0,5,30,14,13,2,2,19.99999999998822,True,True,True,True,True,False,False,True,True,False,False,False,direct_target_visible_no_bundle_refinement,two_vertex_skeleton;two_vertex_asp;current_sight_target_visible,True,True,True
robot-local-extension,_map_block.csv,_map_block.csv,_map_block-05,5,6,8bbbfb81cbe76c9f559f15f5c68f1eb4998915d8,"[64.8785028459, 34.9892199248]","[65.5163726436, 54.9790453898]",20.0,6,42,17,16,2,2,19.99999999999951,True,True,True,True,True,False,False,True,True,False,False,False,direct_target_visible_no_bundle_refinement,two_vertex_skeleton;two_vertex_asp;current_sight_target_visible,True,True,True
robot-local-extension,_map_block.csv,_map_block.csv,_map_block-06,6,7,8bbbfb81cbe76c9f559f15f5c68f1eb4998915d8,"[65.5163726436, 54.9790453898]","[67.4426554105, 74.8860651241]",20.0,7,44,18,17,2,2,19.99999999999664,True,True,True,True,True,False,False,True,True,False,False,False,direct_target_visible_no_bundle_refinement,two_vertex_skeleton;two_vertex_asp;current_sight_target_visible,True,True,True
robot-local-extension,_map_block.csv,_map_block.csv,_map_block-07,7,8,8bbbfb81cbe76c9f559f15f5c68f1eb4998915d8,"[67.4426554105, 74.8860651241]","[63.6433929713, 94.5218896527]",20.0,8,57,20,19,2,2,19.99999999999713,True,True,True,True,True,False,False,True,True,False,False,False,direct_target_visible_no_bundle_refinement,two_vertex_skeleton;two_vertex_asp;current_sight_target_visible,True,True,True
robot-local-extension,_map_block.csv,_map_block.csv,_map_block-08,8,9,8bbbfb81cbe76c9f559f15f5c68f1eb4998915d8,"[63.6433929713, 94.5218896527]","[79.2131250693, 107.0751140352]",20.0,9,64,22,21,2,2,20.000000000022105,False,True,True,True,True,False,False,True,True,False,False,False,direct_target_at_range_boundary_no_bundle_refinement,two_vertex_skeleton;two_vertex_asp;source_direct_graph_edge;strict_radius_boundary,True,True,True
robot-local-extension,_map_block.csv,_map_block.csv,_map_block-09,9,10,8bbbfb81cbe76c9f559f15f5c68f1eb4998915d8,"[79.2131250693, 107.0751140352]","[94.7823318517, 94.521238133]",20.0,10,65,26,25,2,2,20.000000000024194,False,True,True,True,True,False,False,True,True,False,False,False,direct_target_at_range_boundary_no_bundle_refinement,two_vertex_skeleton;two_vertex_asp;source_direct_graph_edge;strict_radius_boundary,True,True,True
robot-local-extension,_map_block.csv,_map_block.csv,_map_block-10,10,11,8bbbfb81cbe76c9f559f15f5c68f1eb4998915d8,"[94.7823318517, 94.521238133]","[100, 100]",20.0,11,67,26,25,2,2,7.565771110804092,True,True,True,False,False,False,False,True,True,False,False,False,direct_target_visible_no_bundle_refinement,two_vertex_skeleton;two_vertex_asp;current_sight_target_visible,True,True,True
robot-local-extension,_map_block.csv,_map_block.csv,_map_block-11,11,12,8bbbfb81cbe76c9f559f15f5c68f1eb4998915d8,"[100, 100]","[100, 100]",20.0,12,69,26,25,2,2,0.0,True,True,True,False,False,False,False,True,True,False,False,False,direct_target_visible_no_bundle_refinement,two_vertex_skeleton;two_vertex_asp;current_sight_target_visible,True,True,True
robot-local-extension,_map_forest.csv,_map_forest.csv,_map_forest-00,0,1,8bbbfb81cbe76c9f559f15f5c68f1eb4998915d8,"[0, 0]","[6.9498113047, 18.753669583]",20.0,1,7,7,6,2,2,19.999999999981885,True,True,True,True,True,False,False,True,True,False,False,False,direct_target_visible_no_bundle_refinement,two_vertex_skeleton;two_vertex_asp;current_sight_target_visible,True,True,True
robot-local-extension,_map_forest.csv,_map_forest.csv,_map_forest-01,1,2,8bbbfb81cbe76c9f559f15f5c68f1eb4998915d8,"[6.9498113047, 18.753669583]","[26.9405125742, 19.3634750886]",20.0,2,20,9,8,2,2,20.000000000026226,False,True,True,True,True,False,False,True,True,False,False,False,direct_target_at_range_boundary_no_bundle_refinement,two_vertex_skeleton;two_vertex_asp;source_direct_graph_edge;strict_radius_boundary,True,True,True
robot-local-extension,_map_forest.csv,_map_forest.csv,_map_forest-02,2,3,8bbbfb81cbe76c9f559f15f5c68f1eb4998915d8,"[26.9405125742, 19.3634750886]","[32.6131427234, 38.5421420702]",20.0,3,48,13,12,2,2,20.000000000018172,False,True,True,True,True,False,False,True,True,False,False,False,direct_target_at_range_boundary_no_bundle_refinement,two_vertex_skeleton;two_vertex_asp;source_direct_graph_edge;strict_radius_boundary,True,True,True
robot-local-extension,_map_forest.csv,_map_forest.csv,_map_forest-03,3,4,8bbbfb81cbe76c9f559f15f5c68f1eb4998915d8,"[32.6131427234, 38.5421420702]","[47.3914425836, 52.0181152537]",20.0,4,78,16,15,2,2,20.000000000009965,False,True,True,True,True,False,False,True,True,False,False,False,direct_target_at_range_boundary_no_bundle_refinement,two_vertex_skeleton;two_vertex_asp;source_direct_graph_edge;strict_radius_boundary,True,True,True
robot-local-extension,_map_forest.csv,_map_forest.csv,_map_forest-04,4,5,8bbbfb81cbe76c9f559f15f5c68f1eb4998915d8,"[47.3914425836, 52.0181152537]","[59.8315248004, 67.6783947672]",20.0,5,98,18,17,2,2,20.00000000004228,False,True,True,True,True,False,False,True,True,False,False,False,direct_target_at_range_boundary_no_bundle_refinement,two_vertex_skeleton;two_vertex_asp;source_direct_graph_edge;strict_radius_boundary,True,True,True
robot-local-extension,_map_forest.csv,_map_forest.csv,_map_forest-05,5,6,8bbbfb81cbe76c9f559f15f5c68f1eb4998915d8,"[59.8315248004, 67.6783947672]","[79.6913403802, 70.0422317194]",20.0,6,112,20,19,2,2,20.00000000000633,False,True,True,True,True,False,False,True,True,False,False,False,direct_target_at_range_boundary_no_bundle_refinement,two_vertex_skeleton;two_vertex_asp;source_direct_graph_edge;strict_radius_boundary,True,True,True
robot-local-extension,_map_forest.csv,_map_forest.csv,_map_forest-06,6,7,8bbbfb81cbe76c9f559f15f5c68f1eb4998915d8,"[79.6913403802, 70.0422317194]","[97.838012413, 78.4504594835]",20.0,7,127,21,20,2,2,19.999999999974694,True,True,True,True,True,False,False,True,True,False,False,False,direct_target_visible_no_bundle_refinement,two_vertex_skeleton;two_vertex_asp;current_sight_target_visible,True,True,True
robot-local-extension,_map_forest.csv,_map_forest.csv,_map_forest-07,7,8,8bbbfb81cbe76c9f559f15f5c68f1eb4998915d8,"[97.838012413, 78.4504594835]","[94.693187576, 98.2016639213]",20.0,8,142,27,26,2,2,19.99999999997956,True,True,True,True,True,False,False,True,True,False,False,False,direct_target_visible_no_bundle_refinement,two_vertex_skeleton;two_vertex_asp;current_sight_target_visible,True,True,True
robot-local-extension,_map_forest.csv,_map_forest.csv,_map_forest-08,8,9,8bbbfb81cbe76c9f559f15f5c68f1eb4998915d8,"[94.693187576, 98.2016639213]","[100, 100]",20.0,9,142,27,26,2,2,5.603237524456273,True,True,True,False,False,False,False,True,True,False,False,False,direct_target_visible_no_bundle_refinement,two_vertex_skeleton;two_vertex_asp;current_sight_target_visible,True,True,True
robot-local-extension,_map_forest.csv,_map_forest.csv,_map_forest-09,9,10,8bbbfb81cbe76c9f559f15f5c68f1eb4998915d8,"[100, 100]","[100, 100]",20.0,10,142,27,26,2,2,0.0,True,True,True,False,False,False,False,True,True,False,False,False,direct_target_visible_no_bundle_refinement,two_vertex_skeleton;two_vertex_asp;current_sight_target_visible,True,True,True
robot-local-extension,_map_blocks.csv,_map_blocks.csv,_map_blocks-00,0,1,8bbbfb81cbe76c9f559f15f5c68f1eb4998915d8,"[0, 0]","[14.1421356237, 14.1421356237]",20.0,1,0,7,6,2,2,19.99999999995623,True,True,True,True,True,False,False,True,True,False,False,False,direct_target_visible_no_bundle_refinement,two_vertex_skeleton;two_vertex_asp;current_sight_target_visible,True,True,True
robot-local-extension,_map_blocks.csv,_map_blocks.csv,_map_blocks-01,1,2,8bbbfb81cbe76c9f559f15f5c68f1eb4998915d8,"[14.1421356237, 14.1421356237]","[28.2842712474, 28.2842712474]",20.0,2,0,10,11,2,2,19.99999999995623,True,True,True,True,True,False,False,True,True,False,False,False,direct_target_visible_no_bundle_refinement,two_vertex_skeleton;two_vertex_asp;current_sight_target_visible,True,True,True
robot-local-extension,_map_blocks.csv,_map_blocks.csv,_map_blocks-02,2,3,8bbbfb81cbe76c9f559f15f5c68f1eb4998915d8,"[28.2842712474, 28.2842712474]","[42.4264068711, 42.4264068711]",20.0,3,0,13,16,2,2,19.99999999995623,True,True,True,True,True,False,False,True,True,False,False,False,direct_target_visible_no_bundle_refinement,two_vertex_skeleton;two_vertex_asp;current_sight_target_visible,True,True,True
robot-local-extension,_map_blocks.csv,_map_blocks.csv,_map_blocks-03,3,4,8bbbfb81cbe76c9f559f15f5c68f1eb4998915d8,"[42.4264068711, 42.4264068711]","[56.5685424948, 56.5685424948]",20.0,4,0,16,21,2,2,19.99999999995623,True,True,True,True,True,False,False,True,True,False,False,False,direct_target_visible_no_bundle_refinement,two_vertex_skeleton;two_vertex_asp;current_sight_target_visible,True,True,True
robot-local-extension,_map_blocks.csv,_map_blocks.csv,_map_blocks-04,4,5,8bbbfb81cbe76c9f559f15f5c68f1eb4998915d8,"[56.5685424948, 56.5685424948]","[67.5052914726, 73.3133184502]",20.0,5,3,19,24,2,2,19.99999999999879,True,True,True,True,True,False,False,True,True,False,False,False,direct_target_visible_no_bundle_refinement,two_vertex_skeleton;two_vertex_asp;current_sight_target_visible,True,True,True
robot-local-extension,_map_blocks.csv,_map_blocks.csv,_map_blocks-05,5,6,8bbbfb81cbe76c9f559f15f5c68f1eb4998915d8,"[67.5052914726, 73.3133184502]","[79.2396196409, 89.5091679938]",20.0,6,4,23,28,2,2,20.00000000000718,False,True,True,True,True,False,False,True,True,False,False,False,direct_target_at_range_boundary_no_bundle_refinement,two_vertex_skeleton;two_vertex_asp;source_direct_graph_edge;strict_radius_boundary,True,True,True
robot-local-extension,_map_blocks.csv,_map_blocks.csv,_map_blocks-06,6,7,8bbbfb81cbe76c9f559f15f5c68f1eb4998915d8,"[79.2396196409, 89.5091679938]","[83.2200616788, 109.1090680237]",20.0,7,10,27,32,2,2,19.999999999978886,True,True,True,True,True,False,False,True,True,False,False,False,direct_target_visible_no_bundle_refinement,two_vertex_skeleton;two_vertex_asp;current_sight_target_visible,True,True,True
robot-local-extension,_map_blocks.csv,_map_blocks.csv,_map_blocks-07,7,8,8bbbfb81cbe76c9f559f15f5c68f1eb4998915d8,"[83.2200616788, 109.1090680237]","[84.9459278134, 129.0344635301]",20.0,8,13,30,35,2,2,20.000000000025608,False,True,True,True,True,False,False,True,True,False,False,False,direct_target_at_range_boundary_no_bundle_refinement,two_vertex_skeleton;two_vertex_asp;source_direct_graph_edge;strict_radius_boundary,True,True,True
robot-local-extension,_map_blocks.csv,_map_blocks.csv,_map_blocks-08,8,9,8bbbfb81cbe76c9f559f15f5c68f1eb4998915d8,"[84.9459278134, 129.0344635301]","[73.7373972393, 145.5985464317]",20.0,9,14,31,36,2,2,20.000000000040295,False,True,True,True,True,False,False,True,True,False,False,False,direct_target_at_range_boundary_no_bundle_refinement,two_vertex_skeleton;two_vertex_asp;source_direct_graph_edge;strict_radius_boundary,True,True,True
robot-local-extension,_map_blocks.csv,_map_blocks.csv,_map_blocks-09,9,10,8bbbfb81cbe76c9f559f15f5c68f1eb4998915d8,"[73.7373972393, 145.5985464317]","[85.0965117052, 162.0597286052]",20.0,10,21,33,38,2,2,19.99999999996434,True,True,True,True,True,False,False,True,True,False,False,False,direct_target_visible_no_bundle_refinement,two_vertex_skeleton;two_vertex_asp;current_sight_target_visible,True,True,True
robot-local-extension,_map_blocks.csv,_map_blocks.csv,_map_blocks-10,10,11,8bbbfb81cbe76c9f559f15f5c68f1eb4998915d8,"[85.0965117052, 162.0597286052]","[105.043383228, 163.5165458389]",20.0,11,26,35,40,2,2,19.999999999987367,True,True,True,True,True,False,False,True,True,False,False,False,direct_target_visible_no_bundle_refinement,two_vertex_skeleton;two_vertex_asp;current_sight_target_visible,True,True,True
robot-local-extension,_map_blocks.csv,_map_blocks.csv,_map_blocks-11,11,12,8bbbfb81cbe76c9f559f15f5c68f1eb4998915d8,"[105.043383228, 163.5165458389]","[124.6943611589, 159.7964562758]",20.0,12,33,37,42,2,2,19.999999999955104,True,True,True,True,True,False,False,True,True,False,False,False,direct_target_visible_no_bundle_refinement,two_vertex_skeleton;two_vertex_asp;current_sight_target_visible,True,True,True
robot-local-extension,_map_blocks.csv,_map_blocks.csv,_map_blocks-12,12,13,8bbbfb81cbe76c9f559f15f5c68f1eb4998915d8,"[124.6943611589, 159.7964562758]","[144.6868890521, 160.3431083052]",20.0,13,38,39,44,2,2,20.0000000000407,False,True,True,True,True,False,False,True,True,False,False,False,direct_target_at_range_boundary_no_bundle_refinement,two_vertex_skeleton;two_vertex_asp;source_direct_graph_edge;strict_radius_boundary,True,True,True
robot-local-extension,_map_blocks.csv,_map_blocks.csv,_map_blocks-13,13,14,8bbbfb81cbe76c9f559f15f5c68f1eb4998915d8,"[144.6868890521, 160.3431083052]","[159.9563347714, 173.2599201187]",20.0,14,41,43,48,2,2,20.000000000000554,False,True,True,True,True,False,False,True,True,False,False,False,direct_target_at_range_boundary_no_bundle_refinement,two_vertex_skeleton;two_vertex_asp;source_direct_graph_edge;strict_radius_boundary,True,True,True
robot-local-extension,_map_blocks.csv,_map_blocks.csv,_map_blocks-14,14,15,8bbbfb81cbe76c9f559f15f5c68f1eb4998915d8,"[159.9563347714, 173.2599201187]","[174.3206231295, 187.1763571614]",20.0,15,43,47,52,2,2,19.999999999952003,True,True,True,True,True,False,False,True,True,False,False,False,direct_target_visible_no_bundle_refinement,two_vertex_skeleton;two_vertex_asp;current_sight_target_visible,True,True,True
robot-local-extension,_map_blocks.csv,_map_blocks.csv,_map_blocks-15,15,16,8bbbfb81cbe76c9f559f15f5c68f1eb4998915d8,"[174.3206231295, 187.1763571614]","[190.9412708317, 198.3008378217]",20.0,16,46,50,55,2,2,20.00000000005085,False,True,True,True,True,False,False,True,True,False,False,False,direct_target_at_range_boundary_no_bundle_refinement,two_vertex_skeleton;two_vertex_asp;source_direct_graph_edge;strict_radius_boundary,True,True,True
robot-local-extension,_map_blocks.csv,_map_blocks.csv,_map_blocks-16,16,17,8bbbfb81cbe76c9f559f15f5c68f1eb4998915d8,"[190.9412708317, 198.3008378217]","[210.9245823855, 197.4839783818]",20.0,17,50,51,56,2,2,20.000000000019764,False,True,True,True,True,False,False,True,True,False,False,False,direct_target_at_range_boundary_no_bundle_refinement,two_vertex_skeleton;two_vertex_asp;source_direct_graph_edge;strict_radius_boundary,True,True,True
robot-local-extension,_map_blocks.csv,_map_blocks.csv,_map_blocks-17,17,18,8bbbfb81cbe76c9f559f15f5c68f1eb4998915d8,"[210.9245823855, 197.4839783818]","[225.4314163897, 211.2517584198]",20.0,18,58,53,58,2,2,20.000000000004118,False,True,True,True,True,False,False,True,True,False,False,False,direct_target_at_range_boundary_no_bundle_refinement,two_vertex_skeleton;two_vertex_asp;source_direct_graph_edge;strict_radius_boundary,True,True,True
robot-local-extension,_map_blocks.csv,_map_blocks.csv,_map_blocks-18,18,19,8bbbfb81cbe76c9f559f15f5c68f1eb4998915d8,"[225.4314163897, 211.2517584198]","[222.1670038205, 230.9835502943]",20.0,19,64,55,60,2,2,20.00000000001335,False,True,True,True,True,False,False,True,True,False,False,False,direct_target_at_range_boundary_no_bundle_refinement,two_vertex_skeleton;two_vertex_asp;source_direct_graph_edge;strict_radius_boundary,True,True,True
robot-local-extension,_map_blocks.csv,_map_blocks.csv,_map_blocks-19,19,20,8bbbfb81cbe76c9f559f15f5c68f1eb4998915d8,"[222.1670038205, 230.9835502943]","[214.1210072667, 249.2937097544]",20.0,20,71,56,61,2,2,19.999999999951292,True,True,True,True,True,False,False,True,True,False,False,False,direct_target_visible_no_bundle_refinement,two_vertex_skeleton;two_vertex_asp;current_sight_target_visible,True,True,True
robot-local-extension,_map_blocks.csv,_map_blocks.csv,_map_blocks-20,20,21,8bbbfb81cbe76c9f559f15f5c68f1eb4998915d8,"[214.1210072667, 249.2937097544]","[219.0006618494, 268.6893012936]",20.0,21,76,58,63,2,2,20.000000000048804,False,True,True,True,True,False,False,True,True,False,False,False,direct_target_at_range_boundary_no_bundle_refinement,two_vertex_skeleton;two_vertex_asp;source_direct_graph_edge;strict_radius_boundary,True,True,True
robot-local-extension,_map_blocks.csv,_map_blocks.csv,_map_blocks-21,21,22,8bbbfb81cbe76c9f559f15f5c68f1eb4998915d8,"[219.0006618494, 268.6893012936]","[238.5008160291, 264.2458806554]",20.0,22,81,59,64,2,2,20.000000000001343,False,True,True,True,True,False,False,True,True,False,False,False,direct_target_at_range_boundary_no_bundle_refinement,two_vertex_skeleton;two_vertex_asp;source_direct_graph_edge;strict_radius_boundary,True,True,True
robot-local-extension,_map_blocks.csv,_map_blocks.csv,_map_blocks-22,22,23,8bbbfb81cbe76c9f559f15f5c68f1eb4998915d8,"[238.5008160291, 264.2458806554]","[258.4990108318, 264.5145898524]",20.0,23,83,60,65,2,2,19.99999999998221,True,True,True,True,True,False,False,True,True,False,False,False,direct_target_visible_no_bundle_refinement,two_vertex_skeleton;two_vertex_asp;current_sight_target_visible,True,True,True
robot-local-extension,_map_blocks.csv,_map_blocks.csv,_map_blocks-23,23,24,8bbbfb81cbe76c9f559f15f5c68f1eb4998915d8,"[258.4990108318, 264.5145898524]","[278.4990048817, 264.4991625111]",20.0,24,85,61,66,2,2,19.999999999972385,True,True,True,True,True,False,False,True,True,False,False,False,direct_target_visible_no_bundle_refinement,two_vertex_skeleton;two_vertex_asp;current_sight_target_visible,True,True,True
robot-local-extension,_map_blocks.csv,_map_blocks.csv,_map_blocks-24,24,25,8bbbfb81cbe76c9f559f15f5c68f1eb4998915d8,"[278.4990048817, 264.4991625111]","[298.4988846737, 264.5685044646]",20.0,25,87,62,67,2,2,20.00000000002413,False,True,True,True,True,False,False,True,True,False,False,False,direct_target_at_range_boundary_no_bundle_refinement,two_vertex_skeleton;two_vertex_asp;source_direct_graph_edge;strict_radius_boundary,True,True,True
robot-local-extension,_map_blocks.csv,_map_blocks.csv,_map_blocks-25,25,26,8bbbfb81cbe76c9f559f15f5c68f1eb4998915d8,"[298.4988846737, 264.5685044646]","[311.5880771349, 279.6904435173]",20.0,26,91,64,69,2,2,19.999999999997748,True,True,True,True,True,False,False,True,True,False,False,False,direct_target_visible_no_bundle_refinement,two_vertex_skeleton;two_vertex_asp;current_sight_target_visible,True,True,True
robot-local-extension,_map_blocks.csv,_map_blocks.csv,_map_blocks-26,26,27,8bbbfb81cbe76c9f559f15f5c68f1eb4998915d8,"[311.5880771349, 279.6904435173]","[306.1175733038, 298.9277403085]",20.0,27,92,68,73,2,2,19.999999999969827,True,True,True,True,True,False,False,True,True,False,False,False,direct_target_visible_no_bundle_refinement,two_vertex_skeleton;two_vertex_asp;current_sight_target_visible,True,True,True
robot-local-extension,_map_blocks.csv,_map_blocks.csv,_map_blocks-27,27,28,8bbbfb81cbe76c9f559f15f5c68f1eb4998915d8,"[306.1175733038, 298.9277403085]","[300, 300]",20.0,28,93,68,73,2,2,6.210832792257568,True,True,True,False,False,False,False,True,True,False,False,False,direct_target_visible_no_bundle_refinement,two_vertex_skeleton;two_vertex_asp;current_sight_target_visible,True,True,True
robot-local-extension,_map_blocks.csv,_map_blocks.csv,_map_blocks-28,28,29,8bbbfb81cbe76c9f559f15f5c68f1eb4998915d8,"[300, 300]","[300, 300]",20.0,29,94,68,73,2,2,0.0,True,True,True,False,False,False,False,True,True,False,False,False,direct_target_visible_no_bundle_refinement,two_vertex_skeleton;two_vertex_asp;current_sight_target_visible,True,True,True
robot-local-extension,_map_bugtrap_1.csv,_map_bugtrap_1.csv,_map_bugtrap_1-00,0,1,8bbbfb81cbe76c9f559f15f5c68f1eb4998915d8,"[0, 0]","[17.88854382, 8.94427191]",20.0,1,0,7,6,2,2,20.00000000000188,False,True,True,True,True,False,False,True,True,False,False,False,direct_target_at_range_boundary_no_bundle_refinement,two_vertex_skeleton;two_vertex_asp;source_direct_graph_edge;strict_radius_boundary,True,True,True
robot-local-extension,_map_bugtrap_1.csv,_map_bugtrap_1.csv,_map_bugtrap_1-01,1,2,8bbbfb81cbe76c9f559f15f5c68f1eb4998915d8,"[17.88854382, 8.94427191]","[37.7726121504, 6.7939634132]",20.0,2,2,11,10,2,2,19.999999999985665,True,True,True,True,True,False,False,True,True,False,False,False,direct_target_visible_no_bundle_refinement,two_vertex_skeleton;two_vertex_asp;current_sight_target_visible,True,True,True
robot-local-extension,_map_bugtrap_1.csv,_map_bugtrap_1.csv,_map_bugtrap_1-02,2,3,8bbbfb81cbe76c9f559f15f5c68f1eb4998915d8,"[37.7726121504, 6.7939634132]","[54.8882213862, -3.5528196854]",20.0,3,5,14,13,2,2,20.000000000051923,False,True,True,True,True,False,False,True,True,False,False,False,direct_target_at_range_boundary_no_bundle_refinement,two_vertex_skeleton;two_vertex_asp;source_direct_graph_edge;strict_radius_boundary,True,True,True
robot-local-extension,_map_bugtrap_1.csv,_map_bugtrap_1.csv,_map_bugtrap_1-03,3,4,8bbbfb81cbe76c9f559f15f5c68f1eb4998915d8,"[54.8882213862, -3.5528196854]","[69.2119730273, 10.4053370312]",20.0,4,14,18,17,2,2,20.00000000002702,False,True,True,True,True,False,False,True,True,False,False,False,direct_target_at_range_boundary_no_bundle_refinement,two_vertex_skeleton;two_vertex_asp;source_direct_graph_edge;strict_radius_boundary,True,True,True
robot-local-extension,_map_bugtrap_1.csv,_map_bugtrap_1.csv,_map_bugtrap_1-04,4,5,8bbbfb81cbe76c9f559f15f5c68f1eb4998915d8,"[69.2119730273, 10.4053370312]","[84.5638164387, 23.2241085742]",20.0,5,28,20,19,2,2,19.9999999999943,True,True,True,True,True,False,False,True,True,False,False,False,direct_target_visible_no_bundle_refinement,two_vertex_skeleton;two_vertex_asp;current_sight_target_visible,True,True,True
robot-local-extension,_map_bugtrap_1.csv,_map_bugtrap_1.csv,_map_bugtrap_1-05,5,6,8bbbfb81cbe76c9f559f15f5c68f1eb4998915d8,"[84.5638164387, 23.2241085742]","[99.8218829669, 36.1543601502]",20.0,6,44,21,20,2,2,19.999999999940695,True,True,True,True,True,False,False,True,True,False,False,False,direct_target_visible_no_bundle_refinement,two_vertex_skeleton;two_vertex_asp;current_sight_target_visible,True,True,True
robot-local-extension,_map_bugtrap_1.csv,_map_bugtrap_1.csv,_map_bugtrap_1-06,6,7,8bbbfb81cbe76c9f559f15f5c68f1eb4998915d8,"[99.8218829669, 36.1543601502]","[115.1563531052, 48.9939094249]",20.0,7,60,22,21,2,2,19.999999999996586,True,True,True,True,True,False,False,True,True,False,False,False,direct_target_visible_no_bundle_refinement,two_vertex_skeleton;two_vertex_asp;current_sight_target_visible,True,True,True
robot-local-extension,_map_bugtrap_1.csv,_map_bugtrap_1.csv,_map_bugtrap_1-07,7,8,8bbbfb81cbe76c9f559f15f5c68f1eb4998915d8,"[115.1563531052, 48.9939094249]","[130.6438115979, 61.6484986888]",20.0,8,77,23,22,2,2,20.000000000027963,False,True,True,True,True,False,False,True,True,False,False,False,direct_target_at_range_boundary_no_bundle_refinement,two_vertex_skeleton;two_vertex_asp;source_direct_graph_edge;strict_radius_boundary,True,True,True
robot-local-extension,_map_bugtrap_1.csv,_map_bugtrap_1.csv,_map_bugtrap_1-08,8,9,8bbbfb81cbe76c9f559f15f5c68f1eb4998915d8,"[130.6438115979, 61.6484986888]","[130.9894056149, 81.6455125853]",20.0,9,99,24,23,2,2,20.00000000003501,False,True,True,True,True,False,False,True,True,False,False,False,direct_target_at_range_boundary_no_bundle_refinement,two_vertex_skeleton;two_vertex_asp;source_direct_graph_edge;strict_radius_boundary,True,True,True
robot-local-extension,_map_bugtrap_1.csv,_map_bugtrap_1.csv,_map_bugtrap_1-09,9,10,8bbbfb81cbe76c9f559f15f5c68f1eb4998915d8,"[130.9894056149, 81.6455125853]","[119.4553849275, 97.9846180315]",20.0,10,121,25,24,2,2,19.99999999998534,True,True,True,True,True,False,False,True,True,False,False,False,direct_target_visible_no_bundle_refinement,two_vertex_skeleton;two_vertex_asp;current_sight_target_visible,True,True,True
robot-local-extension,_map_bugtrap_1.csv,_map_bugtrap_1.csv,_map_bugtrap_1-10,10,11,8bbbfb81cbe76c9f559f15f5c68f1eb4998915d8,"[119.4553849275, 97.9846180315]","[138.5622457906, 103.8945984002]",20.0,11,139,26,25,2,2,20.00000000000704,False,True,True,True,True,False,False,True,True,False,False,False,direct_target_at_range_boundary_no_bundle_refinement,two_vertex_skeleton;two_vertex_asp;source_direct_graph_edge;strict_radius_boundary,True,True,True
robot-local-extension,_map_bugtrap_1.csv,_map_bugtrap_1.csv,_map_bugtrap_1-11,11,12,8bbbfb81cbe76c9f559f15f5c68f1eb4998915d8,"[138.5622457906, 103.8945984002]","[153.8682042331, 116.7681230208]",20.0,12,163,27,26,2,2,20.00000000001828,False,True,True,True,True,False,False,True,True,False,False,False,direct_target_at_range_boundary_no_bundle_refinement,two_vertex_skeleton;two_vertex_asp;source_direct_graph_edge;strict_radius_boundary,True,True,True
robot-local-extension,_map_bugtrap_1.csv,_map_bugtrap_1.csv,_map_bugtrap_1-12,12,13,8bbbfb81cbe76c9f559f15f5c68f1eb4998915d8,"[153.8682042331, 116.7681230208]","[74.8138797609, -5.2756482706]",20.0,13,191,27,26,11,78,145.41068849566537,False,False,False,False,False,True,False,True,True,True,True,False,eligible_nontrivial_bundle,,False,False,True
robot-local-extension,_map_bugtrap_1.csv,_map_bugtrap_1.csv,_map_bugtrap_1-13,13,14,8bbbfb81cbe76c9f559f15f5c68f1eb4998915d8,"[74.8138797609, -5.2756482706]","[92.958175558, 3.1377059967]",20.0,14,193,30,29,2,2,19.999999999993896,True,True,True,True,True,False,False,True,True,False,False,False,direct_target_visible_no_bundle_refinement,two_vertex_skeleton;two_vertex_asp;current_sight_target_visible,True,True,True
robot-local-extension,_map_bugtrap_1.csv,_map_bugtrap_1.csv,_map_bugtrap_1-14,14,15,8bbbfb81cbe76c9f559f15f5c68f1eb4998915d8,"[92.958175558, 3.1377059967]","[106.9488596053, -11.1542763672]",20.0,15,200,31,30,2,2,20.000000000035087,False,True,True,True,True,False,False,True,True,False,False,False,direct_target_at_range_boundary_no_bundle_refinement,two_vertex_skeleton;two_vertex_asp;source_direct_graph_edge;strict_radius_boundary,True,True,True
robot-local-extension,_map_bugtrap_1.csv,_map_bugtrap_1.csv,_map_bugtrap_1-15,15,16,8bbbfb81cbe76c9f559f15f5c68f1eb4998915d8,"[106.9488596053, -11.1542763672]","[121.308678482, 2.7667725095]",20.0,16,202,35,34,2,2,19.9999999999775,True,True,True,True,True,False,False,True,True,False,False,False,direct_target_visible_no_bundle_refinement,two_vertex_skeleton;two_vertex_asp;current_sight_target_visible,True,True,True
robot-local-extension,_map_bugtrap_1.csv,_map_bugtrap_1.csv,_map_bugtrap_1-16,16,17,8bbbfb81cbe76c9f559f15f5c68f1eb4998915d8,"[121.308678482, 2.7667725095]","[137.2823548262, 14.8017907501]",20.0,17,209,38,37,2,2,20.000000000020723,False,True,True,True,True,False,False,True,True,False,False,False,direct_target_at_range_boundary_no_bundle_refinement,two_vertex_skeleton;two_vertex_asp;source_direct_graph_edge;strict_radius_boundary,True,True,True
robot-local-extension,_map_bugtrap_1.csv,_map_bugtrap_1.csv,_map_bugtrap_1-17,17,18,8bbbfb81cbe76c9f559f15f5c68f1eb4998915d8,"[137.2823548262, 14.8017907501]","[157.2075827618, 16.5295904247]",20.0,18,219,39,38,2,2,20.000000000029083,False,True,True,True,True,False,False,True,True,False,False,False,direct_target_at_range_boundary_no_bundle_refinement,two_vertex_skeleton;two_vertex_asp;source_direct_graph_edge;strict_radius_boundary,True,True,True
robot-local-extension,_map_bugtrap_1.csv,_map_bugtrap_1.csv,_map_bugtrap_1-18,18,19,8bbbfb81cbe76c9f559f15f5c68f1eb4998915d8,"[157.2075827618, 16.5295904247]","[159.5078718836, 36.3968667845]",20.0,19,223,43,42,2,2,20.00000000001348,False,True,True,True,True,False,False,True,True,False,False,False,direct_target_at_range_boundary_no_bundle_refinement,two_vertex_skeleton;two_vertex_asp;source_direct_graph_edge;strict_radius_boundary,True,True,True
robot-local-extension,_map_bugtrap_1.csv,_map_bugtrap_1.csv,_map_bugtrap_1-19,19,20,8bbbfb81cbe76c9f559f15f5c68f1eb4998915d8,"[159.5078718836, 36.3968667845]","[177.916785426, 44.2142769816]",20.0,20,232,44,43,2,2,20.00000000003203,False,True,True,True,True,False,False,True,True,False,False,False,direct_target_at_range_boundary_no_bundle_refinement,two_vertex_skeleton;two_vertex_asp;source_direct_graph_edge;strict_radius_boundary,True,True,True
robot-local-extension,_map_bugtrap_1.csv,_map_bugtrap_1.csv,_map_bugtrap_1-20,20,21,8bbbfb81cbe76c9f559f15f5c68f1eb4998915d8,"[177.916785426, 44.2142769816]","[169.0252053111, 62.1290698373]",20.0,21,239,49,48,2,2,20.00000000005812,False,True,True,True,True,False,False,True,True,False,False,False,direct_target_at_range_boundary_no_bundle_refinement,two_vertex_skeleton;two_vertex_asp;source_direct_graph_edge;strict_radius_boundary,True,True,True
robot-local-extension,_map_bugtrap_1.csv,_map_bugtrap_1.csv,_map_bugtrap_1-21,21,22,8bbbfb81cbe76c9f559f15f5c68f1eb4998915d8,"[169.0252053111, 62.1290698373]","[179.4820981709, 79.1776296509]",20.0,22,247,50,49,2,2,19.999999999980833,True,True,True,True,True,False,False,True,True,False,False,False,direct_target_visible_no_bundle_refinement,two_vertex_skeleton;two_vertex_asp;current_sight_target_visible,True,True,True
robot-local-extension,_map_bugtrap_1.csv,_map_bugtrap_1.csv,_map_bugtrap_1-22,22,23,8bbbfb81cbe76c9f559f15f5c68f1eb4998915d8,"[179.4820981709, 79.1776296509]","[160, 80]",20.0,23,251,50,49,2,2,19.499447226310394,True,True,True,False,False,False,False,True,True,False,False,False,direct_target_visible_no_bundle_refinement,two_vertex_skeleton;two_vertex_asp;current_sight_target_visible,True,True,True
robot-local-extension,_map_bugtrap_1.csv,_map_bugtrap_1.csv,_map_bugtrap_1-23,23,24,8bbbfb81cbe76c9f559f15f5c68f1eb4998915d8,"[160, 80]","[160, 80]",20.0,24,264,50,49,2,2,0.0,True,True,True,False,False,False,False,True,True,False,False,False,direct_target_visible_no_bundle_refinement,two_vertex_skeleton;two_vertex_asp;current_sight_target_visible,True,True,True
robot-local-final-extension,P01,_map_deadend.csv,P01-_map_deadend-00,0,1,8bbbfb81cbe76c9f559f15f5c68f1eb4998915d8,"[0, 0]","[7.0710678119, 7.0710678119]",10.0,1,0,7,6,2,2,10.000000000048825,False,True,True,True,True,False,False,True,True,False,False,False,direct_target_at_range_boundary_no_bundle_refinement,two_vertex_skeleton;two_vertex_asp;source_direct_graph_edge;strict_radius_boundary,True,True,True
robot-local-final-extension,P01,_map_deadend.csv,P01-_map_deadend-01,1,2,8bbbfb81cbe76c9f559f15f5c68f1eb4998915d8,"[7.0710678119, 7.0710678119]","[10.7078579229, -2.2441754854]",10.0,2,5,8,7,2,2,9.999999999967999,True,True,True,True,True,False,False,True,True,False,False,False,direct_target_visible_no_bundle_refinement,two_vertex_skeleton;two_vertex_asp;current_sight_target_visible,True,True,True
robot-local-final-extension,P01,_map_deadend.csv,P01-_map_deadend-02,2,3,8bbbfb81cbe76c9f559f15f5c68f1eb4998915d8,"[10.7078579229, -2.2441754854]","[20.1780918526, 0.9674704036]",10.0,3,9,11,10,2,2,9.999999999978586,True,True,True,True,True,False,False,True,True,False,False,False,direct_target_visible_no_bundle_refinement,two_vertex_skeleton;two_vertex_asp;current_sight_target_visible,True,True,True
robot-local-final-extension,P01,_map_deadend.csv,P01-_map_deadend-03,3,4,8bbbfb81cbe76c9f559f15f5c68f1eb4998915d8,"[20.1780918526, 0.9674704036]","[27.0838335266, 8.2000862465]",10.0,4,17,13,12,2,2,9.999999999949418,True,True,True,True,True,False,False,True,True,False,False,False,direct_target_visible_no_bundle_refinement,two_vertex_skeleton;two_vertex_asp;current_sight_target_visible,True,True,True
robot-local-final-extension,P01,_map_deadend.csv,P01-_map_deadend-04,4,5,8bbbfb81cbe76c9f559f15f5c68f1eb4998915d8,"[27.0838335266, 8.2000862465]","[27.5229911097, 18.1904386235]",10.0,5,29,14,13,2,2,9.99999999997119,True,True,True,True,True,False,False,True,True,False,False,False,direct_target_visible_no_bundle_refinement,two_vertex_skeleton;two_vertex_asp;current_sight_target_visible,True,True,True
robot-local-final-extension,P01,_map_deadend.csv,P01-_map_deadend-05,5,6,8bbbfb81cbe76c9f559f15f5c68f1eb4998915d8,"[27.5229911097, 18.1904386235]","[32.3421256824, 26.9526268188]",10.0,6,35,15,14,2,2,9.999999999982354,True,True,True,True,True,False,False,True,True,False,False,False,direct_target_visible_no_bundle_refinement,two_vertex_skeleton;two_vertex_asp;current_sight_target_visible,True,True,True
robot-local-final-extension,P01,_map_deadend.csv,P01-_map_deadend-06,6,7,8bbbfb81cbe76c9f559f15f5c68f1eb4998915d8,"[32.3421256824, 26.9526268188]","[37.0145316917, 18.1113247606]",10.0,7,49,16,15,2,2,10.000000000003714,False,True,True,True,True,False,False,True,True,False,False,False,direct_target_at_range_boundary_no_bundle_refinement,two_vertex_skeleton;two_vertex_asp;source_direct_graph_edge;strict_radius_boundary,True,True,True
robot-local-final-extension,P01,_map_deadend.csv,P01-_map_deadend-07,7,8,8bbbfb81cbe76c9f559f15f5c68f1eb4998915d8,"[37.0145316917, 18.1113247606]","[-2.588190451, 9.6592582629]",10.0,8,54,16,15,9,28,40.49460493934277,False,False,False,False,False,True,False,True,True,True,True,False,eligible_nontrivial_bundle,,False,False,True
robot-local-final-extension,P01,_map_deadend.csv,P01-_map_deadend-08,8,9,8bbbfb81cbe76c9f559f15f5c68f1eb4998915d8,"[-2.588190451, 9.6592582629]","[3.3126596945, 17.7326694106]",10.0,9,56,20,19,2,2,9.9999999999727,True,True,True,True,True,False,False,True,True,False,False,False,direct_target_visible_no_bundle_refinement,two_vertex_skeleton;two_vertex_asp;current_sight_target_visible,True,True,True
robot-local-final-extension,P01,_map_deadend.csv,P01-_map_deadend-09,9,10,8bbbfb81cbe76c9f559f15f5c68f1eb4998915d8,"[3.3126596945, 17.7326694106]","[13.049630072, 20.0111355323]",10.0,10,64,22,21,2,2,10.000000000002355,False,True,True,True,True,False,False,True,True,False,False,False,direct_target_at_range_boundary_no_bundle_refinement,two_vertex_skeleton;two_vertex_asp;source_direct_graph_edge;strict_radius_boundary,True,True,True
robot-local-final-extension,P01,_map_deadend.csv,P01-_map_deadend-10,10,11,8bbbfb81cbe76c9f559f15f5c68f1eb4998915d8,"[13.049630072, 20.0111355323]","[20.2382116461, 26.9627033377]",10.0,11,78,23,22,2,2,10.000000000028193,False,True,True,True,True,False,False,True,True,False,False,False,direct_target_at_range_boundary_no_bundle_refinement,two_vertex_skeleton;two_vertex_asp;source_direct_graph_edge;strict_radius_boundary,True,True,True
robot-local-final-extension,P01,_map_deadend.csv,P01-_map_deadend-11,11,12,8bbbfb81cbe76c9f559f15f5c68f1eb4998915d8,"[20.2382116461, 26.9627033377]","[26.3171293089, 34.9029023308]",10.0,12,90,24,23,2,2,10.000000000056406,False,True,True,True,True,False,False,True,True,False,False,False,direct_target_at_range_boundary_no_bundle_refinement,two_vertex_skeleton;two_vertex_asp;source_direct_graph_edge;strict_radius_boundary,True,True,True
robot-local-final-extension,P01,_map_deadend.csv,P01-_map_deadend-12,12,13,8bbbfb81cbe76c9f559f15f5c68f1eb4998915d8,"[26.3171293089, 34.9029023308]","[9.6592582629, -2.588190451]",10.0,13,102,24,23,7,24,41.02519598684084,False,False,False,False,False,True,False,True,True,True,True,False,eligible_nontrivial_bundle,,False,False,True
robot-local-final-extension,P01,_map_deadend.csv,P01-_map_deadend-13,13,14,8bbbfb81cbe76c9f559f15f5c68f1eb4998915d8,"[9.6592582629, -2.588190451]","[12.8542032394, -12.0640717608]",10.0,14,102,26,25,2,2,10.000000000013976,False,True,True,True,True,False,False,True,True,False,False,False,direct_target_at_range_boundary_no_bundle_refinement,two_vertex_skeleton;two_vertex_asp;source_direct_graph_edge;strict_radius_boundary,True,True,True
robot-local-final-extension,P01,_map_deadend.csv,P01-_map_deadend-14,14,15,8bbbfb81cbe76c9f559f15f5c68f1eb4998915d8,"[12.8542032394, -12.0640717608]","[22.7600124024, -13.4333580078]",10.0,15,102,30,29,2,2,9.999999999999906,True,True,True,True,True,False,False,True,True,False,False,False,direct_target_visible_no_bundle_refinement,two_vertex_skeleton;two_vertex_asp;current_sight_target_visible,True,True,True
robot-local-final-extension,P01,_map_deadend.csv,P01-_map_deadend-15,15,16,8bbbfb81cbe76c9f559f15f5c68f1eb4998915d8,"[22.7600124024, -13.4333580078]","[28.3883585673, -5.1676626682]",10.0,16,102,34,33,2,2,9.999999999951484,True,True,True,True,True,False,False,True,True,False,False,False,direct_target_visible_no_bundle_refinement,two_vertex_skeleton;two_vertex_asp;current_sight_target_visible,True,True,True
robot-local-final-extension,P01,_map_deadend.csv,P01-_map_deadend-16,16,17,8bbbfb81cbe76c9f559f15f5c68f1eb4998915d8,"[28.3883585673, -5.1676626682]","[37.7287001799, -1.5958258074]",10.0,17,103,36,35,2,2,10.000000000011841,False,True,True,True,True,False,False,True,True,False,False,False,direct_target_at_range_boundary_no_bundle_refinement,two_vertex_skeleton;two_vertex_asp;source_direct_graph_edge;strict_radius_boundary,True,True,True
robot-local-final-extension,P01,_map_deadend.csv,P01-_map_deadend-17,17,18,8bbbfb81cbe76c9f559f15f5c68f1eb4998915d8,"[37.7287001799, -1.5958258074]","[47.2437936506, 1.4803725354]",10.0,18,105,39,38,2,2,10.000000000020156,False,True,True,True,True,False,False,True,True,False,False,False,direct_target_at_range_boundary_no_bundle_refinement,two_vertex_skeleton;two_vertex_asp;source_direct_graph_edge;strict_radius_boundary,True,True,True
robot-local-final-extension,P01,_map_deadend.csv,P01-_map_deadend-18,18,19,8bbbfb81cbe76c9f559f15f5c68f1eb4998915d8,"[47.2437936506, 1.4803725354]","[44.9538084412, 11.2146402398]",10.0,19,111,41,40,2,2,10.000000000009779,False,True,True,True,True,False,False,True,True,False,False,False,direct_target_at_range_boundary_no_bundle_refinement,two_vertex_skeleton;two_vertex_asp;source_direct_graph_edge;strict_radius_boundary,True,True,True
robot-local-final-extension,P01,_map_deadend.csv,P01-_map_deadend-19,19,20,8bbbfb81cbe76c9f559f15f5c68f1eb4998915d8,"[44.9538084412, 11.2146402398]","[46.9257153633, -5.5220086503]",10.0,20,115,41,40,4,7,16.852413268725385,False,False,True,False,False,False,False,True,True,True,True,False,eligible_nontrivial_bundle,,False,False,True
robot-local-final-extension,P01,_map_deadend.csv,P01-_map_deadend-20,20,21,8bbbfb81cbe76c9f559f15f5c68f1eb4998915d8,"[46.9257153633, -5.5220086503]","[56.107933731, -9.4826734743]",10.0,21,118,44,43,2,2,10.000000000009912,False,True,True,True,True,False,False,True,True,False,False,False,direct_target_at_range_boundary_no_bundle_refinement,two_vertex_skeleton;two_vertex_asp;source_direct_graph_edge;strict_radius_boundary,True,True,True
robot-local-final-extension,P01,_map_deadend.csv,P01-_map_deadend-21,21,22,8bbbfb81cbe76c9f559f15f5c68f1eb4998915d8,"[56.107933731, -9.4826734743]","[59.8290746179, -0.2008034849]",10.0,22,118,48,47,2,2,10.000000000014163,False,True,True,True,True,False,False,True,True,False,False,False,direct_target_at_range_boundary_no_bundle_refinement,two_vertex_skeleton;two_vertex_asp;source_direct_graph_edge;strict_radius_boundary,True,True,True
robot-local-final-extension,P01,_map_deadend.csv,P01-_map_deadend-22,22,23,8bbbfb81cbe76c9f559f15f5c68f1eb4998915d8,"[59.8290746179, -0.2008034849]","[68.8804648885, 4.0503533188]",10.0,23,120,50,49,2,2,10.00000000001786,False,True,True,True,True,False,False,True,True,False,False,False,direct_target_at_range_boundary_no_bundle_refinement,two_vertex_skeleton;two_vertex_asp;source_direct_graph_edge;strict_radius_boundary,True,True,True
robot-local-final-extension,P01,_map_deadend.csv,P01-_map_deadend-23,23,24,8bbbfb81cbe76c9f559f15f5c68f1eb4998915d8,"[68.8804648885, 4.0503533188]","[76.4520179198, -2.4819957759]",10.0,24,125,51,50,2,2,10.000000000040806,False,True,True,True,True,False,False,True,True,False,False,False,direct_target_at_range_boundary_no_bundle_refinement,two_vertex_skeleton;two_vertex_asp;source_direct_graph_edge;strict_radius_boundary,True,True,True
robot-local-final-extension,P01,_map_deadend.csv,P01-_map_deadend-24,24,25,8bbbfb81cbe76c9f559f15f5c68f1eb4998915d8,"[76.4520179198, -2.4819957759]","[84.814890991, 3.0009189594]",10.0,25,129,55,54,2,2,9.999999999978598,True,True,True,True,True,False,False,True,True,False,False,False,direct_target_visible_no_bundle_refinement,two_vertex_skeleton;two_vertex_asp;current_sight_target_visible,True,True,True
robot-local-final-extension,P01,_map_deadend.csv,P01-_map_deadend-25,25,26,8bbbfb81cbe76c9f559f15f5c68f1eb4998915d8,"[84.814890991, 3.0009189594]","[92.8675995773, -2.9281521672]",10.0,26,136,56,55,2,2,10.000000000007576,False,True,True,True,True,False,False,True,True,False,False,False,direct_target_at_range_boundary_no_bundle_refinement,two_vertex_skeleton;two_vertex_asp;source_direct_graph_edge;strict_radius_boundary,True,True,True
robot-local-final-extension,P01,_map_deadend.csv,P01-_map_deadend-26,26,27,8bbbfb81cbe76c9f559f15f5c68f1eb4998915d8,"[92.8675995773, -2.9281521672]","[98.0100329506, 5.6482910933]",10.0,27,139,60,59,2,2,9.999999999970278,True,True,True,True,True,False,False,True,True,False,False,False,direct_target_visible_no_bundle_refinement,two_vertex_skeleton;two_vertex_asp;current_sight_target_visible,True,True,True
robot-local-final-extension,P01,_map_deadend.csv,P01-_map_deadend-27,27,28,8bbbfb81cbe76c9f559f15f5c68f1eb4998915d8,"[98.0100329506, 5.6482910933]","[97.6829516864, 15.6429405542]",10.0,28,143,64,63,2,2,9.999999999982967,True,True,True,True,True,False,False,True,True,False,False,False,direct_target_visible_no_bundle_refinement,two_vertex_skeleton;two_vertex_asp;current_sight_target_visible,True,True,True
robot-local-final-extension,P01,_map_deadend.csv,P01-_map_deadend-28,28,29,8bbbfb81cbe76c9f559f15f5c68f1eb4998915d8,"[97.6829516864, 15.6429405542]","[89.9395614768, 21.9706500973]",10.0,29,150,66,65,2,2,9.999999999998401,True,True,True,True,True,False,False,True,True,False,False,False,direct_target_visible_no_bundle_refinement,two_vertex_skeleton;two_vertex_asp;current_sight_target_visible,True,True,True
robot-local-final-extension,P01,_map_deadend.csv,P01-_map_deadend-29,29,30,8bbbfb81cbe76c9f559f15f5c68f1eb4998915d8,"[89.9395614768, 21.9706500973]","[87.7916550448, 31.737251244]",10.0,30,159,67,66,2,2,9.999999999967438,True,True,True,True,True,False,False,True,True,False,False,False,direct_target_visible_no_bundle_refinement,two_vertex_skeleton;two_vertex_asp;current_sight_target_visible,True,True,True
robot-local-final-extension,P01,_map_deadend.csv,P01-_map_deadend-30,30,31,8bbbfb81cbe76c9f559f15f5c68f1eb4998915d8,"[87.7916550448, 31.737251244]","[105.1635973388, 12.6358884303]",10.0,31,167,67,66,5,13,25.819497291904568,False,False,False,False,False,True,False,True,True,True,True,False,eligible_nontrivial_bundle,,False,False,True
robot-local-final-extension,P01,_map_deadend.csv,P01-_map_deadend-31,31,32,8bbbfb81cbe76c9f559f15f5c68f1eb4998915d8,"[105.1635973388, 12.6358884303]","[113.5137575398, 18.1381447509]",10.0,32,167,69,68,2,2,9.999999999997346,True,True,True,True,True,False,False,True,True,False,False,False,direct_target_visible_no_bundle_refinement,two_vertex_skeleton;two_vertex_asp;current_sight_target_visible,True,True,True
robot-local-final-extension,P01,_map_deadend.csv,P01-_map_deadend-32,32,33,8bbbfb81cbe76c9f559f15f5c68f1eb4998915d8,"[113.5137575398, 18.1381447509]","[111.8850010267, 28.0046107961]",10.0,33,167,73,72,2,2,10.00000000000251,False,True,True,True,True,False,False,True,True,False,False,False,direct_target_at_range_boundary_no_bundle_refinement,two_vertex_skeleton;two_vertex_asp;source_direct_graph_edge;strict_radius_boundary,True,True,True
robot-local-final-extension,P01,_map_deadend.csv,P01-_map_deadend-33,33,34,8bbbfb81cbe76c9f559f15f5c68f1eb4998915d8,"[111.8850010267, 28.0046107961]","[110.2562445136, 37.8710768413]",10.0,34,167,76,76,2,2,10.000000000002514,False,True,True,True,True,False,False,True,True,False,False,False,direct_target_at_range_boundary_no_bundle_refinement,two_vertex_skeleton;two_vertex_asp;source_direct_graph_edge;strict_radius_boundary,True,True,True
robot-local-final-extension,P01,_map_deadend.csv,P01-_map_deadend-34,34,35,8bbbfb81cbe76c9f559f15f5c68f1eb4998915d8,"[110.2562445136, 37.8710768413]","[108.6274880005, 47.7375428865]",10.0,35,167,79,81,2,2,10.00000000000251,False,True,True,True,True,False,False,True,True,False,False,False,direct_target_at_range_boundary_no_bundle_refinement,two_vertex_skeleton;two_vertex_asp;source_direct_graph_edge;strict_radius_boundary,True,True,True
robot-local-final-extension,P01,_map_deadend.csv,P01-_map_deadend-35,35,36,8bbbfb81cbe76c9f559f15f5c68f1eb4998915d8,"[108.6274880005, 47.7375428865]","[106.9987314874, 57.6040089317]",10.0,36,167,82,86,2,2,10.00000000000251,False,True,True,True,True,False,False,True,True,False,False,False,direct_target_at_range_boundary_no_bundle_refinement,two_vertex_skeleton;two_vertex_asp;source_direct_graph_edge;strict_radius_boundary,True,True,True
robot-local-final-extension,P01,_map_deadend.csv,P01-_map_deadend-36,36,37,8bbbfb81cbe76c9f559f15f5c68f1eb4998915d8,"[106.9987314874, 57.6040089317]","[105.3699749743, 67.4704749769]",10.0,37,167,85,91,2,2,10.0000000000025,False,True,True,True,True,False,False,True,True,False,False,False,direct_target_at_range_boundary_no_bundle_refinement,two_vertex_skeleton;two_vertex_asp;source_direct_graph_edge;strict_radius_boundary,True,True,True
robot-local-final-extension,P01,_map_deadend.csv,P01-_map_deadend-37,37,38,8bbbfb81cbe76c9f559f15f5c68f1eb4998915d8,"[105.3699749743, 67.4704749769]","[106.3621047455, 77.4211371919]",10.0,38,170,89,95,2,2,9.999999999996511,True,True,True,True,True,False,False,True,True,False,False,False,direct_target_visible_no_bundle_refinement,two_vertex_skeleton;two_vertex_asp;current_sight_target_visible,True,True,True
robot-local-final-extension,P01,_map_deadend.csv,P01-_map_deadend-38,38,39,8bbbfb81cbe76c9f559f15f5c68f1eb4998915d8,"[106.3621047455, 77.4211371919]","[103.6499879425, 87.0463344598]",10.0,39,170,93,99,2,2,9.999999999955222,True,True,True,True,True,False,False,True,True,False,False,False,direct_target_visible_no_bundle_refinement,two_vertex_skeleton;two_vertex_asp;current_sight_target_visible,True,True,True
robot-local-final-extension,P01,_map_deadend.csv,P01-_map_deadend-39,39,40,8bbbfb81cbe76c9f559f15f5c68f1eb4998915d8,"[103.6499879425, 87.0463344598]","[98.3673267939, 95.537123068]",10.0,40,173,96,102,2,2,10.000000000003343,False,True,True,True,True,False,False,True,True,False,False,False,direct_target_at_range_boundary_no_bundle_refinement,two_vertex_skeleton;two_vertex_asp;source_direct_graph_edge;strict_radius_boundary,True,True,True
robot-local-final-extension,P01,_map_deadend.csv,P01-_map_deadend-40,40,41,8bbbfb81cbe76c9f559f15f5c68f1eb4998915d8,"[98.3673267939, 95.537123068]","[100, 100]",10.0,41,177,96,102,2,2,4.752146073943284,True,True,True,False,False,False,False,True,True,False,False,False,direct_target_visible_no_bundle_refinement,two_vertex_skeleton;two_vertex_asp;current_sight_target_visible,True,True,True
robot-local-final-extension,P01,_map_deadend.csv,P01-_map_deadend-41,41,42,8bbbfb81cbe76c9f559f15f5c68f1eb4998915d8,"[100, 100]","[100, 100]",10.0,42,180,96,102,2,2,0.0,True,True,True,False,False,False,False,True,True,False,False,False,direct_target_visible_no_bundle_refinement,two_vertex_skeleton;two_vertex_asp;current_sight_target_visible,True,True,True
robot-local-final-extension,P02,_map_deadend.csv,P02-_map_deadend-00,0,1,8bbbfb81cbe76c9f559f15f5c68f1eb4998915d8,"[0, 0]","[29.2737919864, 6.5608766745]",30.0,1,15,8,7,2,2,30.000000000016918,False,True,True,True,True,False,False,True,True,False,False,False,direct_target_at_range_boundary_no_bundle_refinement,two_vertex_skeleton;two_vertex_asp;source_direct_graph_edge;strict_radius_boundary,True,True,True
robot-local-final-extension,P02,_map_deadend.csv,P02-_map_deadend-01,1,2,8bbbfb81cbe76c9f559f15f5c68f1eb4998915d8,"[29.2737919864, 6.5608766745]","[28.5688829102, -9.1552678422]",30.0,2,25,8,7,3,5,15.73194505696955,False,False,False,False,False,True,False,True,True,True,True,False,eligible_nontrivial_bundle,,False,False,True
robot-local-final-extension,P02,_map_deadend.csv,P02-_map_deadend-02,2,3,8bbbfb81cbe76c9f559f15f5c68f1eb4998915d8,"[28.5688829102, -9.1552678422]","[51.5958942279, -28.3843278757]",30.0,3,44,9,8,2,2,29.99999999995718,True,True,True,True,True,False,False,True,True,False,False,False,direct_target_visible_no_bundle_refinement,two_vertex_skeleton;two_vertex_asp;current_sight_target_visible,True,True,True
robot-local-final-extension,P02,_map_deadend.csv,P02-_map_deadend-03,3,4,8bbbfb81cbe76c9f559f15f5c68f1eb4998915d8,"[51.5958942279, -28.3843278757]","[71.3903129784, -5.8414579091]",30.0,4,46,13,12,2,2,30.000000000019707,False,True,True,True,True,False,False,True,True,False,False,False,direct_target_at_range_boundary_no_bundle_refinement,two_vertex_skeleton;two_vertex_asp;source_direct_graph_edge;strict_radius_boundary,True,True,True
robot-local-final-extension,P02,_map_deadend.csv,P02-_map_deadend-04,4,5,8bbbfb81cbe76c9f559f15f5c68f1eb4998915d8,"[71.3903129784, -5.8414579091]","[97.5137146342, -20.5916404818]",30.0,5,57,14,13,2,2,29.999999999970612,True,True,True,True,True,False,False,True,True,False,False,False,direct_target_visible_no_bundle_refinement,two_vertex_skeleton;two_vertex_asp;current_sight_target_visible,True,True,True
robot-local-final-extension,P02,_map_deadend.csv,P02-_map_deadend-05,5,6,8bbbfb81cbe76c9f559f15f5c68f1eb4998915d8,"[97.5137146342, -20.5916404818]","[109.1531147723, 7.0583932329]",30.0,6,61,18,17,2,2,29.99999999998082,True,True,True,True,True,False,False,True,True,False,False,False,direct_target_visible_no_bundle_refinement,two_vertex_skeleton;two_vertex_asp;current_sight_target_visible,True,True,True
robot-local-final-extension,P02,_map_deadend.csv,P02-_map_deadend-06,6,7,8bbbfb81cbe76c9f559f15f5c68f1eb4998915d8,"[109.1531147723, 7.0583932329]","[107.1923087668, 36.9942453138]",30.0,7,72,23,22,2,2,30.00000000001216,False,True,True,True,True,False,False,True,True,False,False,False,direct_target_at_range_boundary_no_bundle_refinement,two_vertex_skeleton;two_vertex_asp;source_direct_graph_edge;strict_radius_boundary,True,True,True
robot-local-final-extension,P02,_map_deadend.csv,P02-_map_deadend-07,7,8,8bbbfb81cbe76c9f559f15f5c68f1eb4998915d8,"[107.1923087668, 36.9942453138]","[125.5909580421, 60.6900193008]",30.0,8,85,24,23,2,2,29.999999999974722,True,True,True,True,True,False,False,True,True,False,False,False,direct_target_visible_no_bundle_refinement,two_vertex_skeleton;two_vertex_asp;current_sight_target_visible,True,True,True
robot-local-final-extension,P02,_map_deadend.csv,P02-_map_deadend-08,8,9,8bbbfb81cbe76c9f559f15f5c68f1eb4998915d8,"[125.5909580421, 60.6900193008]","[104.2613758406, 81.7862019676]",30.0,9,89,28,27,2,2,30.000000000025633,False,True,True,True,True,False,False,True,True,False,False,False,direct_target_at_range_boundary_no_bundle_refinement,two_vertex_skeleton;two_vertex_asp;source_direct_graph_edge;strict_radius_boundary,True,True,True
robot-local-final-extension,P02,_map_deadend.csv,P02-_map_deadend-09,9,10,8bbbfb81cbe76c9f559f15f5c68f1eb4998915d8,"[104.2613758406, 81.7862019676]","[100, 100]",30.0,10,97,28,27,2,2,18.70566125053877,True,True,True,False,False,False,False,True,True,False,False,False,direct_target_visible_no_bundle_refinement,two_vertex_skeleton;two_vertex_asp;current_sight_target_visible,True,True,True
robot-local-final-extension,P02,_map_deadend.csv,P02-_map_deadend-10,10,11,8bbbfb81cbe76c9f559f15f5c68f1eb4998915d8,"[100, 100]","[100, 100]",30.0,11,106,28,27,2,2,0.0,True,True,True,False,False,False,False,True,True,False,False,False,direct_target_visible_no_bundle_refinement,two_vertex_skeleton;two_vertex_asp;current_sight_target_visible,True,True,True
robot-local-final-extension,P03,_map_bugtrap.csv,P03-_map_bugtrap-00,0,1,8bbbfb81cbe76c9f559f15f5c68f1eb4998915d8,"[0, 0]","[7.0710678119, 7.0710678119]",10.0,1,0,7,6,2,2,10.000000000048825,False,True,True,True,True,False,False,True,True,False,False,False,direct_target_at_range_boundary_no_bundle_refinement,two_vertex_skeleton;two_vertex_asp;source_direct_graph_edge;strict_radius_boundary,True,True,False
robot-local-final-extension,P03,_map_bugtrap.csv,P03-_map_bugtrap-01,1,2,8bbbfb81cbe76c9f559f15f5c68f1eb4998915d8,"[7.0710678119, 7.0710678119]","[14.1421356238, 14.1421356238]",10.0,2,0,10,11,2,2,10.000000000048825,False,True,True,True,True,False,False,True,True,False,False,False,direct_target_at_range_boundary_no_bundle_refinement,two_vertex_skeleton;two_vertex_asp;source_direct_graph_edge;strict_radius_boundary,True,True,False
robot-local-final-extension,P03,_map_bugtrap.csv,P03-_map_bugtrap-02,2,3,8bbbfb81cbe76c9f559f15f5c68f1eb4998915d8,"[14.1421356238, 14.1421356238]","[21.2132034357, 21.2132034357]",10.0,3,0,13,16,2,2,10.000000000048823,False,True,True,True,True,False,False,True,True,False,False,False,direct_target_at_range_boundary_no_bundle_refinement,two_vertex_skeleton;two_vertex_asp;source_direct_graph_edge;strict_radius_boundary,True,True,False
robot-local-final-extension,P03,_map_bugtrap.csv,P03-_map_bugtrap-03,3,4,8bbbfb81cbe76c9f559f15f5c68f1eb4998915d8,"[21.2132034357, 21.2132034357]","[28.2842712476, 28.2842712476]",10.0,4,0,16,21,2,2,10.000000000048827,False,True,True,True,True,False,False,True,True,False,False,False,direct_target_at_range_boundary_no_bundle_refinement,two_vertex_skeleton;two_vertex_asp;source_direct_graph_edge;strict_radius_boundary,True,True,False
robot-local-final-extension,P03,_map_bugtrap.csv,P03-_map_bugtrap-04,4,5,8bbbfb81cbe76c9f559f15f5c68f1eb4998915d8,"[28.2842712476, 28.2842712476]","[37.8522658351, 31.1917580617]",10.0,5,7,17,22,2,2,10.000000000029733,False,True,True,True,True,False,False,True,True,False,False,False,direct_target_at_range_boundary_no_bundle_refinement,two_vertex_skeleton;two_vertex_asp;source_direct_graph_edge;strict_radius_boundary,True,True,False
robot-local-final-extension,P03,_map_bugtrap.csv,P03-_map_bugtrap-05,5,6,8bbbfb81cbe76c9f559f15f5c68f1eb4998915d8,"[37.8522658351, 31.1917580617]","[44.4397432196, 38.7153969226]",10.0,6,19,18,23,2,2,10.00000000002718,False,True,True,True,True,False,False,True,True,False,False,False,direct_target_at_range_boundary_no_bundle_refinement,two_vertex_skeleton;two_vertex_asp;source_direct_graph_edge;strict_radius_boundary,True,True,False
robot-local-final-extension,P03,_map_bugtrap.csv,P03-_map_bugtrap-06,6,7,8bbbfb81cbe76c9f559f15f5c68f1eb4998915d8,"[44.4397432196, 38.7153969226]","[52.6196155795, 44.467760626]",10.0,7,29,19,24,2,2,10.00000000002249,False,True,True,True,True,False,False,True,True,False,False,False,direct_target_at_range_boundary_no_bundle_refinement,two_vertex_skeleton;two_vertex_asp;source_direct_graph_edge;strict_radius_boundary,True,True,False
robot-local-final-extension,P03,_map_bugtrap.csv,P03-_map_bugtrap-07,7,8,8bbbfb81cbe76c9f559f15f5c68f1eb4998915d8,"[52.6196155795, 44.467760626]","[60.5474615784, 50.562779725]",10.0,8,40,20,25,2,2,9.999999999972472,True,True,True,True,True,False,False,True,True,False,False,False,direct_target_visible_no_bundle_refinement,two_vertex_skeleton;two_vertex_asp;current_sight_target_visible,True,True,False
robot-local-final-extension,P03,_map_bugtrap.csv,P03-_map_bugtrap-08,8,9,8bbbfb81cbe76c9f559f15f5c68f1eb4998915d8,"[60.5474615784, 50.562779725]","[68.5748740225, 56.5260547859]",10.0,9,54,21,26,2,2,9.999999999982174,True,True,True,True,True,False,False,True,True,False,False,False,direct_target_visible_no_bundle_refinement,two_vertex_skeleton;two_vertex_asp;current_sight_target_visible,True,True,False
robot-local-final-extension,P03,_map_bugtrap.csv,P03-_map_bugtrap-09,9,10,8bbbfb81cbe76c9f559f15f5c68f1eb4998915d8,"[68.5748740225, 56.5260547859]","[76.4185992666, 62.7289552602]",10.0,10,67,22,27,2,2,9.99999999995014,True,True,True,True,True,False,False,True,True,False,False,False,direct_target_visible_no_bundle_refinement,two_vertex_skeleton;two_vertex_asp;current_sight_target_visible,True,True,False
robot-local-final-extension,P03,_map_bugtrap.csv,P03-_map_bugtrap-10,10,11,8bbbfb81cbe76c9f559f15f5c68f1eb4998915d8,"[76.4185992666, 62.7289552602]","[18.6250129847, 30.8724616986]",10.0,11,79,22,27,9,42,65.99192978966202,False,False,False,False,False,True,False,True,True,True,True,False,eligible_nontrivial_bundle,,False,False,False
robot-local-final-extension,P03,_map_bugtrap.csv,P03-_map_bugtrap-11,11,12,8bbbfb81cbe76c9f559f15f5c68f1eb4998915d8,"[18.6250129847, 30.8724616986]","[12.5646728817, 38.8268490311]",10.0,12,85,25,30,2,2,9.999999999973324,True,True,True,True,True,False,False,True,True,False,False,False,direct_target_visible_no_bundle_refinement,two_vertex_skeleton;two_vertex_asp;current_sight_target_visible,True,True,False
robot-local-final-extension,P03,_map_bugtrap.csv,P03-_map_bugtrap-12,12,13,8bbbfb81cbe76c9f559f15f5c68f1eb4998915d8,"[12.5646728817, 38.8268490311]","[16.3803468319, 48.0702592409]",10.0,13,91,29,34,2,2,10.00000000004349,False,True,True,True,True,False,False,True,True,False,False,False,direct_target_at_range_boundary_no_bundle_refinement,two_vertex_skeleton;two_vertex_asp;source_direct_graph_edge;strict_radius_boundary,True,True,False
robot-local-final-extension,P03,_map_bugtrap.csv,P03-_map_bugtrap-13,13,14,8bbbfb81cbe76c9f559f15f5c68f1eb4998915d8,"[16.3803468319, 48.0702592409]","[24.3062696223, 54.1677790581]",10.0,14,94,33,38,2,2,10.000000000026445,False,True,True,True,True,False,False,True,True,False,False,False,direct_target_at_range_boundary_no_bundle_refinement,two_vertex_skeleton;two_vertex_asp;source_direct_graph_edge;strict_radius_boundary,True,True,False
robot-local-final-extension,P03,_map_bugtrap.csv,P03-_map_bugtrap-14,14,15,8bbbfb81cbe76c9f559f15f5c68f1eb4998915d8,"[24.3062696223, 54.1677790581]","[28.5908937429, 63.2033751173]",10.0,15,103,35,40,2,2,9.999999999992891,True,True,True,True,True,False,False,True,True,False,False,False,direct_target_visible_no_bundle_refinement,two_vertex_skeleton;two_vertex_asp;current_sight_target_visible,True,True,False
robot-local-final-extension,P03,_map_bugtrap.csv,P03-_map_bugtrap-15,15,16,8bbbfb81cbe76c9f559f15f5c68f1eb4998915d8,"[28.5908937429, 63.2033751173]","[37.5110160473, 67.7234877347]",10.0,16,113,36,41,2,2,9.99999999997165,True,True,True,True,True,False,False,True,True,False,False,False,direct_target_visible_no_bundle_refinement,two_vertex_skeleton;two_vertex_asp;current_sight_target_visible,True,True,False
robot-local-final-extension,P03,_map_bugtrap.csv,P03-_map_bugtrap-16,16,17,8bbbfb81cbe76c9f559f15f5c68f1eb4998915d8,"[37.5110160473, 67.7234877347]","[44.3852860256, 74.9860225722]",10.0,17,123,37,42,2,2,10.000000000022895,False,True,True,True,True,False,False,True,True,False,False,False,direct_target_at_range_boundary_no_bundle_refinement,two_vertex_skeleton;two_vertex_asp;source_direct_graph_edge;strict_radius_boundary,True,True,False
robot-local-final-extension,P03,_map_bugtrap.csv,P03-_map_bugtrap-17,17,18,8bbbfb81cbe76c9f559f15f5c68f1eb4998915d8,"[44.3852860256, 74.9860225722]","[52.7513431917, 80.4640776553]",10.0,18,133,38,43,2,2,9.999999999996547,True,True,True,True,True,False,False,True,True,False,False,False,direct_target_visible_no_bundle_refinement,two_vertex_skeleton;two_vertex_asp;current_sight_target_visible,True,True,False
robot-local-final-extension,P03,_map_bugtrap.csv,P03-_map_bugtrap-18,18,19,8bbbfb81cbe76c9f559f15f5c68f1eb4998915d8,"[52.7513431917, 80.4640776553]","[60.2699325746, 87.0573176549]",10.0,19,145,39,44,2,2,10.000000000049099,False,True,True,True,True,False,False,True,True,False,False,False,direct_target_at_range_boundary_no_bundle_refinement,two_vertex_skeleton;two_vertex_asp;source_direct_graph_edge;strict_radius_boundary,True,True,False
robot-local-final-extension,P03,_map_bugtrap.csv,P03-_map_bugtrap-19,19,20,8bbbfb81cbe76c9f559f15f5c68f1eb4998915d8,"[60.2699325746, 87.0573176549]","[67.920677453, 93.4967355483]",10.0,20,156,40,45,2,2,10.00000000001019,False,True,True,True,True,False,False,True,True,False,False,False,direct_target_at_range_boundary_no_bundle_refinement,two_vertex_skeleton;two_vertex_asp;source_direct_graph_edge;strict_radius_boundary,True,True,False
robot-local-final-extension,P03,_map_bugtrap.csv,P03-_map_bugtrap-20,20,21,8bbbfb81cbe76c9f559f15f5c68f1eb4998915d8,"[67.920677453, 93.4967355483]","[76.4830411348, 98.6625779947]",10.0,21,165,41,46,2,2,10.000000000021789,False,True,True,True,True,False,False,True,True,False,False,False,direct_target_at_range_boundary_no_bundle_refinement,two_vertex_skeleton;two_vertex_asp;source_direct_graph_edge;strict_radius_boundary,True,True,False
robot-local-final-extension,P03,_map_bugtrap.csv,P03-_map_bugtrap-21,21,22,8bbbfb81cbe76c9f559f15f5c68f1eb4998915d8,"[76.4830411348, 98.6625779947]","[84.5944075454, 92.8140110802]",10.0,22,175,42,47,2,2,10.000000000019696,False,True,True,True,True,False,False,True,True,False,False,False,direct_target_at_range_boundary_no_bundle_refinement,two_vertex_skeleton;two_vertex_asp;source_direct_graph_edge;strict_radius_boundary,True,True,False
robot-local-final-extension,P03,_map_bugtrap.csv,P03-_map_bugtrap-22,22,23,8bbbfb81cbe76c9f559f15f5c68f1eb4998915d8,"[84.5944075454, 92.8140110802]","[91.0731464615, 85.1965349852]",10.0,23,180,43,48,2,2,10.000000000044253,False,True,True,True,True,False,False,True,True,False,False,False,direct_target_at_range_boundary_no_bundle_refinement,two_vertex_skeleton;two_vertex_asp;source_direct_graph_edge;strict_radius_boundary,True,True,False
robot-local-final-extension,P03,_map_bugtrap.csv,P03-_map_bugtrap-23,23,24,8bbbfb81cbe76c9f559f15f5c68f1eb4998915d8,"[91.0731464615, 85.1965349852]","[100.5231491461, 81.9258394534]",10.0,24,193,44,49,2,2,10.000000000034179,False,True,True,True,True,False,False,True,True,False,False,False,direct_target_at_range_boundary_no_bundle_refinement,two_vertex_skeleton;two_vertex_asp;source_direct_graph_edge;strict_radius_boundary,True,True,False
robot-local-final-extension,P03,_map_bugtrap.csv,P03-_map_bugtrap-24,24,25,8bbbfb81cbe76c9f559f15f5c68f1eb4998915d8,"[100.5231491461, 81.9258394534]","[18.257689871, 57.8924577277]",10.0,25,205,44,49,13,57,85.70419608698484,False,False,False,False,False,True,False,True,True,True,True,False,eligible_nontrivial_bundle,,False,False,False
robot-local-final-extension,P03,_map_bugtrap.csv,P03-_map_bugtrap-25,25,26,8bbbfb81cbe76c9f559f15f5c68f1eb4998915d8,"[18.257689871, 57.8924577277]","[8.3713839911, 56.3888101463]",10.0,26,211,45,50,2,2,9.999999999999769,True,True,True,True,True,False,False,True,True,False,False,False,direct_target_visible_no_bundle_refinement,two_vertex_skeleton;two_vertex_asp;current_sight_target_visible,True,True,False
robot-local-final-extension,P03,_map_bugtrap.csv,P03-_map_bugtrap-26,26,27,8bbbfb81cbe76c9f559f15f5c68f1eb4998915d8,"[8.3713839911, 56.3888101463]","[8.0390056071, 66.3832848503]",10.0,27,216,49,54,2,2,9.999999999952315,True,True,True,True,True,False,False,True,True,False,False,False,direct_target_visible_no_bundle_refinement,two_vertex_skeleton;two_vertex_asp;current_sight_target_visible,True,True,False
robot-local-final-extension,P03,_map_bugtrap.csv,P03-_map_bugtrap-27,27,28,8bbbfb81cbe76c9f559f15f5c68f1eb4998915d8,"[8.0390056071, 66.3832848503]","[2.1648829997, 74.476163423]",10.0,28,221,50,55,2,2,9.99999999996173,True,True,True,True,True,False,False,True,True,False,False,False,direct_target_visible_no_bundle_refinement,two_vertex_skeleton;two_vertex_asp;current_sight_target_visible,True,True,False
robot-local-final-extension,P03,_map_bugtrap.csv,P03-_map_bugtrap-28,28,29,8bbbfb81cbe76c9f559f15f5c68f1eb4998915d8,"[2.1648829997, 74.476163423]","[9.9711006006, 80.7262007643]",10.0,29,222,54,59,2,2,10.000000000012268,False,True,True,True,True,False,False,True,True,False,False,False,direct_target_at_range_boundary_no_bundle_refinement,two_vertex_skeleton;two_vertex_asp;source_direct_graph_edge;strict_radius_boundary,True,True,False
robot-local-final-extension,P03,_map_bugtrap.csv,P03-_map_bugtrap-29,29,30,8bbbfb81cbe76c9f559f15f5c68f1eb4998915d8,"[9.9711006006, 80.7262007643]","[7.2406761833, 90.3462206448]",10.0,30,225,55,60,2,2,9.999999999990159,True,True,True,True,True,False,False,True,True,False,False,False,direct_target_visible_no_bundle_refinement,two_vertex_skeleton;two_vertex_asp;current_sight_target_visible,True,True,False
robot-local-final-extension,P03,_map_bugtrap.csv,P03-_map_bugtrap-30,30,31,8bbbfb81cbe76c9f559f15f5c68f1eb4998915d8,"[7.2406761833, 90.3462206448]","[16.9953773564, 92.5475395729]",10.0,31,227,59,64,2,2,9.999999999984494,True,True,True,True,True,False,False,True,True,False,False,False,direct_target_visible_no_bundle_refinement,two_vertex_skeleton;two_vertex_asp;current_sight_target_visible,True,True,False
robot-local-final-extension,P03,_map_bugtrap.csv,P03-_map_bugtrap-31,31,32,8bbbfb81cbe76c9f559f15f5c68f1eb4998915d8,"[16.9953773564, 92.5475395729]","[18.5762665652, 102.4217883701]",10.0,32,228,60,65,2,2,9.999999999975294,True,True,True,True,True,False,False,True,True,False,False,False,direct_target_visible_no_bundle_refinement,two_vertex_skeleton;two_vertex_asp;current_sight_target_visible,True,True,False
robot-local-final-extension,P03,_map_bugtrap.csv,P03-_map_bugtrap-32,32,33,8bbbfb81cbe76c9f559f15f5c68f1eb4998915d8,"[18.5762665652, 102.4217883701]","[28.57582804, 102.5154383074]",10.0,33,233,62,67,2,2,9.999999999953033,True,True,True,True,True,False,False,True,True,False,False,False,direct_target_visible_no_bundle_refinement,two_vertex_skeleton;two_vertex_asp;current_sight_target_visible,True,True,False
robot-local-final-extension,P03,_map_bugtrap.csv,P03-_map_bugtrap-33,33,34,8bbbfb81cbe76c9f559f15f5c68f1eb4998915d8,"[28.57582804, 102.5154383074]","[37.3048638172, 107.3943658945]",10.0,34,237,63,68,2,2,9.999999999990148,True,True,True,True,True,False,False,True,True,False,False,False,direct_target_visible_no_bundle_refinement,two_vertex_skeleton;two_vertex_asp;current_sight_target_visible,True,True,False
robot-local-final-extension,P03,_map_bugtrap.csv,P03-_map_bugtrap-34,34,35,8bbbfb81cbe76c9f559f15f5c68f1eb4998915d8,"[37.3048638172, 107.3943658945]","[11.3257053412, 99.4737907913]",10.0,35,242,63,68,6,9,27.159753038025848,False,False,True,False,False,False,False,True,True,True,True,False,eligible_nontrivial_bundle,,False,False,False
robot-local-final-extension,P03,_map_bugtrap.csv,P03-_map_bugtrap-35,35,36,8bbbfb81cbe76c9f559f15f5c68f1eb4998915d8,"[11.3257053412, 99.4737907913]","[9.0496610317, 109.2113275589]",10.0,36,246,65,70,2,2,9.999999999958451,True,True,True,True,True,False,False,True,True,False,False,False,direct_target_visible_no_bundle_refinement,two_vertex_skeleton;two_vertex_asp;current_sight_target_visible,True,True,False
robot-local-final-extension,P03,_map_bugtrap.csv,P03-_map_bugtrap-36,36,37,8bbbfb81cbe76c9f559f15f5c68f1eb4998915d8,"[9.0496610317, 109.2113275589]","[8.9890892104, 119.2111441099]",10.0,37,250,68,73,2,2,9.999999999959465,True,True,True,True,True,False,False,True,True,False,False,False,direct_target_visible_no_bundle_refinement,two_vertex_skeleton;two_vertex_asp;current_sight_target_visible,True,True,False
robot-local-final-extension,P03,_map_bugtrap.csv,P03-_map_bugtrap-37,37,38,8bbbfb81cbe76c9f559f15f5c68f1eb4998915d8,"[8.9890892104, 119.2111441099]","[15.2356479977, 127.0201455388]",10.0,38,253,72,77,2,2,9.999999999987846,True,True,True,True,True,False,False,True,True,False,False,False,direct_target_visible_no_bundle_refinement,two_vertex_skeleton;two_vertex_asp;current_sight_target_visible,True,True,False
robot-local-final-extension,P03,_map_bugtrap.csv,P03-_map_bugtrap-38,38,39,8bbbfb81cbe76c9f559f15f5c68f1eb4998915d8,"[15.2356479977, 127.0201455388]","[25.1025898377, 125.3942738566]",10.0,39,259,74,79,2,2,10.000000000046121,False,True,True,True,True,False,False,True,True,False,False,False,direct_target_at_range_boundary_no_bundle_refinement,two_vertex_skeleton;two_vertex_asp;source_direct_graph_edge;strict_radius_boundary,True,True,False
robot-local-final-extension,P03,_map_bugtrap.csv,P03-_map_bugtrap-39,39,40,8bbbfb81cbe76c9f559f15f5c68f1eb4998915d8,"[25.1025898377, 125.3942738566]","[35.101952882, 125.5071397413]",10.0,40,261,75,80,2,2,9.999999999982085,True,True,True,True,True,False,False,True,True,False,False,False,direct_target_visible_no_bundle_refinement,two_vertex_skeleton;two_vertex_asp;current_sight_target_visible,True,True,False
robot-local-final-extension,P03,_map_bugtrap.csv,P03-_map_bugtrap-40,40,41,8bbbfb81cbe76c9f559f15f5c68f1eb4998915d8,"[35.101952882, 125.5071397413]","[45.1019499774, 125.499517917]",10.0,41,263,76,81,2,2,10.000000000010703,False,True,True,True,True,False,False,True,True,False,False,False,direct_target_at_range_boundary_no_bundle_refinement,two_vertex_skeleton;two_vertex_asp;source_direct_graph_edge;strict_radius_boundary,True,True,False
robot-local-final-extension,P03,_map_bugtrap.csv,P03-_map_bugtrap-41,41,42,8bbbfb81cbe76c9f559f15f5c68f1eb4998915d8,"[45.1019499774, 125.499517917]","[55.04906673, 126.526585739]",10.0,42,268,77,82,2,2,10.000000000042172,False,True,True,True,True,False,False,True,True,False,False,False,direct_target_at_range_boundary_no_bundle_refinement,two_vertex_skeleton;two_vertex_asp;source_direct_graph_edge;strict_radius_boundary,True,True,False
robot-local-final-extension,P03,_map_bugtrap.csv,P03-_map_bugtrap-42,42,43,8bbbfb81cbe76c9f559f15f5c68f1eb4998915d8,"[55.04906673, 126.526585739]","[7.9729070665, 129.1593788202]",10.0,43,276,77,82,7,12,47.14972330853872,False,False,True,False,False,False,False,True,True,True,True,False,eligible_nontrivial_bundle,,False,False,False
robot-local-final-extension,P03,_map_bugtrap.csv,P03-_map_bugtrap-43,43,44,8bbbfb81cbe76c9f559f15f5c68f1eb4998915d8,"[7.9729070665, 129.1593788202]","[9.636425572, 139.0200434115]",10.0,44,283,81,86,2,2,10.000000000012935,False,True,True,True,True,False,False,True,True,False,False,False,direct_target_at_range_boundary_no_bundle_refinement,two_vertex_skeleton;two_vertex_asp;source_direct_graph_edge;strict_radius_boundary,True,True,False
robot-local-final-extension,P03,_map_bugtrap.csv,P03-_map_bugtrap-44,44,45,8bbbfb81cbe76c9f559f15f5c68f1eb4998915d8,"[9.636425572, 139.0200434115]","[14.1030426772, 147.9670726187]",10.0,45,286,85,90,2,2,9.999999999947745,True,True,True,True,True,False,False,True,True,False,False,False,direct_target_visible_no_bundle_refinement,two_vertex_skeleton;two_vertex_asp;current_sight_target_visible,True,True,False
robot-local-final-extension,P03,_map_bugtrap.csv,P03-_map_bugtrap-45,45,46,8bbbfb81cbe76c9f559f15f5c68f1eb4998915d8,"[14.1030426772, 147.9670726187]","[23.8871673118, 145.9004557859]",10.0,46,293,87,92,2,2,9.999999999949946,True,True,True,True,True,False,False,True,True,False,False,False,direct_target_visible_no_bundle_refinement,two_vertex_skeleton;two_vertex_asp;current_sight_target_visible,True,True,False
robot-local-final-extension,P03,_map_bugtrap.csv,P03-_map_bugtrap-46,46,47,8bbbfb81cbe76c9f559f15f5c68f1eb4998915d8,"[23.8871673118, 145.9004557859]","[33.8866228378, 146.0048070381]",10.0,47,295,88,93,2,2,10.000000000014381,False,True,True,True,True,False,False,True,True,False,False,False,direct_target_at_range_boundary_no_bundle_refinement,two_vertex_skeleton;two_vertex_asp;source_direct_graph_edge;strict_radius_boundary,True,True,False
robot-local-final-extension,P03,_map_bugtrap.csv,P03-_map_bugtrap-47,47,48,8bbbfb81cbe76c9f559f15f5c68f1eb4998915d8,"[33.8866228378, 146.0048070381]","[43.8866215682, 145.9997678929]",10.0,48,297,89,94,2,2,10.0000000000493,False,True,True,True,True,False,False,True,True,False,False,False,direct_target_at_range_boundary_no_bundle_refinement,two_vertex_skeleton;two_vertex_asp;source_direct_graph_edge;strict_radius_boundary,True,True,False
robot-local-final-extension,P03,_map_bugtrap.csv,P03-_map_bugtrap-48,48,49,8bbbfb81cbe76c9f559f15f5c68f1eb4998915d8,"[43.8866215682, 145.9997678929]","[53.8866215652, 146.0000112073]",10.0,49,299,90,95,2,2,9.999999999960098,True,True,True,True,True,False,False,True,True,False,False,False,direct_target_visible_no_bundle_refinement,two_vertex_skeleton;two_vertex_asp;current_sight_target_visible,True,True,False
robot-local-final-extension,P03,_map_bugtrap.csv,P03-_map_bugtrap-49,49,50,8bbbfb81cbe76c9f559f15f5c68f1eb4998915d8,"[53.8866215652, 146.0000112073]","[63.8866215652, 145.9999994589]",10.0,50,301,91,96,2,2,10.000000000006901,False,True,True,True,True,False,False,True,True,False,False,False,direct_target_at_range_boundary_no_bundle_refinement,two_vertex_skeleton;two_vertex_asp;source_direct_graph_edge;strict_radius_boundary,True,True,False
robot-local-final-extension,P03,_map_bugtrap.csv,P03-_map_bugtrap-50,50,51,8bbbfb81cbe76c9f559f15f5c68f1eb4998915d8,"[63.8866215652, 145.9999994589]","[73.8866215652, 146.0000000261]",10.0,51,303,92,97,2,2,10.000000000000016,False,True,True,True,True,False,False,True,True,False,False,False,direct_target_at_range_boundary_no_bundle_refinement,two_vertex_skeleton;two_vertex_asp;source_direct_graph_edge;strict_radius_boundary,True,True,False
robot-local-final-extension,P03,_map_bugtrap.csv,P03-_map_bugtrap-51,51,52,8bbbfb81cbe76c9f559f15f5c68f1eb4998915d8,"[73.8866215652, 146.0000000261]","[83.1816800412, 142.3119262838]",10.0,52,306,93,98,2,2,10.0000000000451,False,True,True,True,True,False,False,True,True,False,False,False,direct_target_at_range_boundary_no_bundle_refinement,two_vertex_skeleton;two_vertex_asp;source_direct_graph_edge;strict_radius_boundary,True,True,False
robot-local-final-extension,P03,_map_bugtrap.csv,P03-_map_bugtrap-52,52,53,8bbbfb81cbe76c9f559f15f5c68f1eb4998915d8,"[83.1816800412, 142.3119262838]","[88.1324814368, 133.6234531417]",10.0,53,314,94,99,2,2,9.99999999998341,True,True,True,True,True,False,False,True,True,False,False,False,direct_target_visible_no_bundle_refinement,two_vertex_skeleton;two_vertex_asp;current_sight_target_visible,True,True,False
robot-local-final-extension,P03,_map_bugtrap.csv,P03-_map_bugtrap-53,53,54,8bbbfb81cbe76c9f559f15f5c68f1eb4998915d8,"[88.1324814368, 133.6234531417]","[96.8040467635, 138.603810035]",10.0,54,326,95,100,2,2,9.999999999993323,True,True,True,True,True,False,False,True,True,False,False,False,direct_target_visible_no_bundle_refinement,two_vertex_skeleton;two_vertex_asp;current_sight_target_visible,True,True,False
robot-local-final-extension,P03,_map_bugtrap.csv,P03-_map_bugtrap-54,54,55,8bbbfb81cbe76c9f559f15f5c68f1eb4998915d8,"[96.8040467635, 138.603810035]","[104.5698580664, 144.9039826365]",10.0,55,338,96,101,2,2,10.000000000047025,False,True,True,True,True,False,False,True,True,False,False,False,direct_target_at_range_boundary_no_bundle_refinement,two_vertex_skeleton;two_vertex_asp;source_direct_graph_edge;strict_radius_boundary,True,True,False
robot-local-final-extension,P03,_map_bugtrap.csv,P03-_map_bugtrap-55,55,56,8bbbfb81cbe76c9f559f15f5c68f1eb4998915d8,"[104.5698580664, 144.9039826365]","[112.6003119245, 150.8631613411]",10.0,56,352,97,102,2,2,10.000000000021581,False,True,True,True,True,False,False,True,True,False,False,False,direct_target_at_range_boundary_no_bundle_refinement,two_vertex_skeleton;two_vertex_asp;source_direct_graph_edge;strict_radius_boundary,True,True,False
robot-local-final-extension,P03,_map_bugtrap.csv,P03-_map_bugtrap-56,56,57,8bbbfb81cbe76c9f559f15f5c68f1eb4998915d8,"[112.6003119245, 150.8631613411]","[120.5961636732, 156.8686883632]",10.0,57,365,98,103,2,2,10.00000000001809,False,True,True,True,True,False,False,True,True,False,False,False,direct_target_at_range_boundary_no_bundle_refinement,two_vertex_skeleton;two_vertex_asp;source_direct_graph_edge;strict_radius_boundary,True,True,False
robot-local-final-extension,P03,_map_bugtrap.csv,P03-_map_bugtrap-57,57,58,8bbbfb81cbe76c9f559f15f5c68f1eb4998915d8,"[120.5961636732, 156.8686883632]","[128.1626536028, 163.4069014329]",10.0,58,377,99,104,2,2,9.999999999976716,True,True,True,True,True,False,False,True,True,False,False,False,direct_target_visible_no_bundle_refinement,two_vertex_skeleton;two_vertex_asp;current_sight_target_visible,True,True,False
robot-local-final-extension,P03,_map_bugtrap.csv,P03-_map_bugtrap-58,58,59,8bbbfb81cbe76c9f559f15f5c68f1eb4998915d8,"[128.1626536028, 163.4069014329]","[136.1494395454, 169.424479875]",10.0,59,390,100,105,2,2,9.999999999986994,True,True,True,True,True,False,False,True,True,False,False,False,direct_target_visible_no_bundle_refinement,two_vertex_skeleton;two_vertex_asp;current_sight_target_visible,True,True,False
robot-local-final-extension,P03,_map_bugtrap.csv,P03-_map_bugtrap-59,59,60,8bbbfb81cbe76c9f559f15f5c68f1eb4998915d8,"[136.1494395454, 169.424479875]","[143.9172102245, 175.7222365134]",10.0,60,401,101,106,2,2,9.999999999979826,True,True,True,True,True,False,False,True,True,False,False,False,direct_target_visible_no_bundle_refinement,two_vertex_skeleton;two_vertex_asp;current_sight_target_visible,True,True,False
robot-local-final-extension,P04,_map_bugtrap.csv,P04-_map_bugtrap-00,0,1,8bbbfb81cbe76c9f559f15f5c68f1eb4998915d8,"[0, 0]","[21.2132034356, 21.2132034356]",30.0,1,0,7,6,2,2,30.000000000005056,False,True,True,True,True,False,False,True,True,False,False,False,direct_target_at_range_boundary_no_bundle_refinement,two_vertex_skeleton;two_vertex_asp;source_direct_graph_edge;strict_radius_boundary,True,True,True
robot-local-final-extension,P04,_map_bugtrap.csv,P04-_map_bugtrap-01,1,2,8bbbfb81cbe76c9f559f15f5c68f1eb4998915d8,"[21.2132034356, 21.2132034356]","[45.4992180881, 38.8254006949]",30.0,2,20,9,8,2,2,30.000000000032315,False,True,True,True,True,False,False,True,True,False,False,False,direct_target_at_range_boundary_no_bundle_refinement,two_vertex_skeleton;two_vertex_asp;source_direct_graph_edge;strict_radius_boundary,True,True,True
robot-local-final-extension,P04,_map_bugtrap.csv,P04-_map_bugtrap-02,2,3,8bbbfb81cbe76c9f559f15f5c68f1eb4998915d8,"[45.4992180881, 38.8254006949]","[69.0441894884, 57.4166438422]",30.0,3,49,10,9,2,2,30.000000000049567,False,True,True,True,True,False,False,True,True,False,False,False,direct_target_at_range_boundary_no_bundle_refinement,two_vertex_skeleton;two_vertex_asp;source_direct_graph_edge;strict_radius_boundary,True,True,True
robot-local-final-extension,P04,_map_bugtrap.csv,P04-_map_bugtrap-03,3,4,8bbbfb81cbe76c9f559f15f5c68f1eb4998915d8,"[69.0441894884, 57.4166438422]","[-7.7645713531, 28.9777747887]",30.0,4,78,10,9,5,28,81.90454819513299,False,False,False,False,False,True,False,True,True,True,True,False,eligible_nontrivial_bundle,,False,False,True
robot-local-final-extension,P04,_map_bugtrap.csv,P04-_map_bugtrap-04,4,5,8bbbfb81cbe76c9f559f15f5c68f1eb4998915d8,"[-7.7645713531, 28.9777747887]","[8.0053074431, 54.4985687174]",30.0,5,86,13,12,2,2,29.999999999966818,True,True,True,True,True,False,False,True,True,False,False,False,direct_target_visible_no_bundle_refinement,two_vertex_skeleton;two_vertex_asp;current_sight_target_visible,True,True,True
robot-local-final-extension,P04,_map_bugtrap.csv,P04-_map_bugtrap-05,5,6,8bbbfb81cbe76c9f559f15f5c68f1eb4998915d8,"[8.0053074431, 54.4985687174]","[35.868930809, 65.6169540733]",30.0,6,99,15,14,2,2,29.99999999998366,True,True,True,True,True,False,False,True,True,False,False,False,direct_target_visible_no_bundle_refinement,two_vertex_skeleton;two_vertex_asp;current_sight_target_visible,True,True,True
robot-local-final-extension,P04,_map_bugtrap.csv,P04-_map_bugtrap-06,6,7,8bbbfb81cbe76c9f559f15f5c68f1eb4998915d8,"[35.868930809, 65.6169540733]","[58.4416352791, 85.3773440721]",30.0,7,129,16,15,2,2,29.9999999999858,True,True,True,True,True,False,False,True,True,False,False,False,direct_target_visible_no_bundle_refinement,two_vertex_skeleton;two_vertex_asp;current_sight_target_visible,True,True,True
robot-local-final-extension,P04,_map_bugtrap.csv,P04-_map_bugtrap-07,7,8,8bbbfb81cbe76c9f559f15f5c68f1eb4998915d8,"[58.4416352791, 85.3773440721]","[85.648663381, 98.0176613886]",30.0,8,158,17,16,2,2,29.999999999989775,True,True,True,True,True,False,False,True,True,False,False,False,direct_target_visible_no_bundle_refinement,two_vertex_skeleton;two_vertex_asp;current_sight_target_visible,True,True,True
robot-local-final-extension,P04,_map_bugtrap.csv,P04-_map_bugtrap-08,8,9,8bbbfb81cbe76c9f559f15f5c68f1eb4998915d8,"[85.648663381, 98.0176613886]","[28.9777747887, -7.7645713531]",30.0,9,183,17,16,7,50,120.00612641719616,False,False,False,False,False,True,False,True,True,True,True,False,eligible_nontrivial_bundle,,False,False,True
robot-local-final-extension,P04,_map_bugtrap.csv,P04-_map_bugtrap-09,9,10,8bbbfb81cbe76c9f559f15f5c68f1eb4998915d8,"[28.9777747887, -7.7645713531]","[58.8126583616, -4.6213688161]",30.0,10,189,20,19,2,2,29.999999999951694,True,True,True,True,True,False,False,True,True,False,False,False,direct_target_visible_no_bundle_refinement,two_vertex_skeleton;two_vertex_asp;current_sight_target_visible,True,True,True
robot-local-final-extension,P04,_map_bugtrap.csv,P04-_map_bugtrap-10,10,11,8bbbfb81cbe76c9f559f15f5c68f1eb4998915d8,"[58.8126583616, -4.6213688161]","[81.3786129248, 15.1467290856]",30.0,11,201,24,23,2,2,29.999999999993378,True,True,True,True,True,False,False,True,True,False,False,False,direct_target_visible_no_bundle_refinement,two_vertex_skeleton;two_vertex_asp;current_sight_target_visible,True,True,True
robot-local-final-extension,P04,_map_bugtrap.csv,P04-_map_bugtrap-11,11,12,8bbbfb81cbe76c9f559f15f5c68f1eb4998915d8,"[81.3786129248, 15.1467290856]","[101.3625820764, 37.5217369504]",30.0,12,220,25,24,2,2,30.000000000032706,False,True,True,True,True,False,False,True,True,False,False,False,direct_target_at_range_boundary_no_bundle_refinement,two_vertex_skeleton;two_vertex_asp;source_direct_graph_edge;strict_radius_boundary,True,True,True
robot-local-final-extension,P04,_map_bugtrap.csv,P04-_map_bugtrap-12,12,13,8bbbfb81cbe76c9f559f15f5c68f1eb4998915d8,"[101.3625820764, 37.5217369504]","[124.3855967985, 56.7555819406]",30.0,13,246,26,25,2,2,30.00000000001792,False,True,True,True,True,False,False,True,True,False,False,False,direct_target_at_range_boundary_no_bundle_refinement,two_vertex_skeleton;two_vertex_asp;source_direct_graph_edge;strict_radius_boundary,True,True,True
robot-local-final-extension,P04,_map_bugtrap.csv,P04-_map_bugtrap-13,13,14,8bbbfb81cbe76c9f559f15f5c68f1eb4998915d8,"[124.3855967985, 56.7555819406]","[88.6414993736, -7.8214069222]",30.0,14,274,26,25,5,30,73.80940313609736,False,False,False,False,False,True,False,True,True,True,True,False,eligible_nontrivial_bundle,,False,False,True
robot-local-final-extension,P04,_map_bugtrap.csv,P04-_map_bugtrap-14,14,15,8bbbfb81cbe76c9f559f15f5c68f1eb4998915d8,"[88.6414993736, -7.8214069222]","[118.0053600567, -1.676190426]",30.0,15,280,29,28,2,2,30.00000000002791,False,True,True,True,True,False,False,True,True,False,False,False,direct_target_at_range_boundary_no_bundle_refinement,two_vertex_skeleton;two_vertex_asp;source_direct_graph_edge;strict_radius_boundary,True,True,True
robot-local-final-extension,P04,_map_bugtrap.csv,P04-_map_bugtrap-15,15,16,8bbbfb81cbe76c9f559f15f5c68f1eb4998915d8,"[118.0053600567, -1.676190426]","[143.2656246139, 14.5077224043]",30.0,16,290,33,32,2,2,29.99999999997473,True,True,True,True,True,False,False,True,True,False,False,False,direct_target_visible_no_bundle_refinement,two_vertex_skeleton;two_vertex_asp;current_sight_target_visible,True,True,True
robot-local-final-extension,P04,_map_bugtrap.csv,P04-_map_bugtrap-16,16,17,8bbbfb81cbe76c9f559f15f5c68f1eb4998915d8,"[143.2656246139, 14.5077224043]","[173.1770460234, 16.8113867171]",30.0,17,302,34,33,2,2,30.00000000004606,False,True,True,True,True,False,False,True,True,False,False,False,direct_target_at_range_boundary_no_bundle_refinement,two_vertex_skeleton;two_vertex_asp;source_direct_graph_edge;strict_radius_boundary,True,True,True
robot-local-final-extension,P04,_map_bugtrap.csv,P04-_map_bugtrap-17,17,18,8bbbfb81cbe76c9f559f15f5c68f1eb4998915d8,"[173.1770460234, 16.8113867171]","[173.3691366037, 46.8107717309]",30.0,18,308,38,37,2,2,29.999999999954134,True,True,True,True,True,False,False,True,True,False,False,False,direct_target_visible_no_bundle_refinement,two_vertex_skeleton;two_vertex_asp;current_sight_target_visible,True,True,True
robot-local-final-extension,P04,_map_bugtrap.csv,P04-_map_bugtrap-18,18,19,8bbbfb81cbe76c9f559f15f5c68f1eb4998915d8,"[173.3691366037, 46.8107717309]","[174.083760123, 76.8022590769]",30.0,19,321,41,40,2,2,29.99999999999358,True,True,True,True,True,False,False,True,True,False,False,False,direct_target_visible_no_bundle_refinement,two_vertex_skeleton;two_vertex_asp;current_sight_target_visible,True,True,True
robot-local-final-extension,P04,_map_bugtrap.csv,P04-_map_bugtrap-19,19,20,8bbbfb81cbe76c9f559f15f5c68f1eb4998915d8,"[174.083760123, 76.8022590769]","[199.806887926, 92.2398980166]",30.0,20,344,42,41,2,2,30.000000000033562,False,True,True,True,True,False,False,True,True,False,False,False,direct_target_at_range_boundary_no_bundle_refinement,two_vertex_skeleton;two_vertex_asp;source_direct_graph_edge;strict_radius_boundary,True,True,True
robot-local-final-extension,P04,_map_bugtrap.csv,P04-_map_bugtrap-20,20,21,8bbbfb81cbe76c9f559f15f5c68f1eb4998915d8,"[199.806887926, 92.2398980166]","[192.0683146285, 121.2246264666]",30.0,21,351,46,45,2,2,30.000000000017,False,True,True,True,True,False,False,True,True,False,False,False,direct_target_at_range_boundary_no_bundle_refinement,two_vertex_skeleton;two_vertex_asp;source_direct_graph_edge;strict_radius_boundary,True,True,True
robot-local-final-extension,P04,_map_bugtrap.csv,P04-_map_bugtrap-21,21,22,8bbbfb81cbe76c9f559f15f5c68f1eb4998915d8,"[192.0683146285, 121.2246264666]","[172.2230170825, 143.7227189482]",30.0,22,382,48,47,2,2,29.99999999999832,True,True,True,True,True,False,False,True,True,False,False,False,direct_target_visible_no_bundle_refinement,two_vertex_skeleton;two_vertex_asp;current_sight_target_visible,True,True,True
robot-local-final-extension,P04,_map_bugtrap.csv,P04-_map_bugtrap-22,22,23,8bbbfb81cbe76c9f559f15f5c68f1eb4998915d8,"[172.2230170825, 143.7227189482]","[150, 150]",30.0,23,422,48,47,2,2,23.092569057001313,True,True,True,False,False,False,False,True,True,False,False,False,direct_target_visible_no_bundle_refinement,two_vertex_skeleton;two_vertex_asp;current_sight_target_visible,True,True,True
robot-local-final-extension,P04,_map_bugtrap.csv,P04-_map_bugtrap-23,23,24,8bbbfb81cbe76c9f559f15f5c68f1eb4998915d8,"[150, 150]","[150, 150]",30.0,24,460,48,47,2,2,0.0,True,True,True,False,False,False,False,True,True,False,False,False,direct_target_visible_no_bundle_refinement,two_vertex_skeleton;two_vertex_asp;current_sight_target_visible,True,True,True
robot-local-final-extension,P05,_map_block.csv,P05-_map_block-00,0,1,8bbbfb81cbe76c9f559f15f5c68f1eb4998915d8,"[0, 0]","[6.1394061351, 7.8935221738]",10.0,1,0,7,6,2,2,9.99999999999879,True,True,True,True,True,False,False,True,True,False,False,False,direct_target_visible_no_bundle_refinement,two_vertex_skeleton;two_vertex_asp;current_sight_target_visible,True,True,True
robot-local-final-extension,P05,_map_block.csv,P05-_map_block-01,1,2,8bbbfb81cbe76c9f559f15f5c68f1eb4998915d8,"[6.1394061351, 7.8935221738]","[6.9585879917, 17.8599127484]",10.0,2,5,10,9,2,2,9.999999999982915,True,True,True,True,True,False,False,True,True,False,False,False,direct_target_visible_no_bundle_refinement,two_vertex_skeleton;two_vertex_asp;current_sight_target_visible,True,True,True
robot-local-final-extension,P05,_map_block.csv,P05-_map_block-02,2,3,8bbbfb81cbe76c9f559f15f5c68f1eb4998915d8,"[6.9585879917, 17.8599127484]","[1.3775386827, 26.1576165639]",10.0,3,6,11,10,2,2,9.999999999962633,True,True,True,True,True,False,False,True,True,False,False,False,direct_target_visible_no_bundle_refinement,two_vertex_skeleton;two_vertex_asp;current_sight_target_visible,True,True,True
robot-local-final-extension,P05,_map_block.csv,P05-_map_block-03,3,4,8bbbfb81cbe76c9f559f15f5c68f1eb4998915d8,"[1.3775386827, 26.1576165639]","[8.671795497, 32.998217234]",10.0,4,7,15,14,2,2,10.00000000003673,False,True,True,True,True,False,False,True,True,False,False,False,direct_target_at_range_boundary_no_bundle_refinement,two_vertex_skeleton;two_vertex_asp;source_direct_graph_edge;strict_radius_boundary,True,True,True
robot-local-final-extension,P05,_map_block.csv,P05-_map_block-04,4,5,8bbbfb81cbe76c9f559f15f5c68f1eb4998915d8,"[8.671795497, 32.998217234]","[14.8199164234, 40.8849535092]",10.0,5,10,18,17,2,2,10.00000000000966,False,True,True,True,True,False,False,True,True,False,False,False,direct_target_at_range_boundary_no_bundle_refinement,two_vertex_skeleton;two_vertex_asp;source_direct_graph_edge;strict_radius_boundary,True,True,True
robot-local-final-extension,P05,_map_block.csv,P05-_map_block-05,5,6,8bbbfb81cbe76c9f559f15f5c68f1eb4998915d8,"[14.8199164234, 40.8849535092]","[24.6941525346, 42.4659219531]",10.0,6,15,20,19,2,2,10.000000000016684,False,True,True,True,True,False,False,True,True,False,False,False,direct_target_at_range_boundary_no_bundle_refinement,two_vertex_skeleton;two_vertex_asp;source_direct_graph_edge;strict_radius_boundary,True,True,True
robot-local-final-extension,P05,_map_block.csv,P05-_map_block-06,6,7,8bbbfb81cbe76c9f559f15f5c68f1eb4998915d8,"[24.6941525346, 42.4659219531]","[34.67275884, 41.812151196]",10.0,7,17,21,20,2,2,10.000000000050386,False,True,True,True,True,False,False,True,True,False,False,False,direct_target_at_range_boundary_no_bundle_refinement,two_vertex_skeleton;two_vertex_asp;source_direct_graph_edge;strict_radius_boundary,True,True,True
robot-local-final-extension,P05,_map_block.csv,P05-_map_block-07,7,8,8bbbfb81cbe76c9f559f15f5c68f1eb4998915d8,"[34.67275884, 41.812151196]","[44.6692964093, 42.0752797287]",10.0,8,19,22,21,2,2,9.999999999957364,True,True,True,True,True,False,False,True,True,False,False,False,direct_target_visible_no_bundle_refinement,two_vertex_skeleton;two_vertex_asp;current_sight_target_visible,True,True,True
robot-local-final-extension,P05,_map_block.csv,P05-_map_block-08,8,9,8bbbfb81cbe76c9f559f15f5c68f1eb4998915d8,"[44.6692964093, 42.0752797287]","[53.6423082183, 37.6610913464]",10.0,9,26,23,22,2,2,9.999999999944288,True,True,True,True,True,False,False,True,True,False,False,False,direct_target_visible_no_bundle_refinement,two_vertex_skeleton;two_vertex_asp;current_sight_target_visible,True,True,True
robot-local-final-extension,P05,_map_block.csv,P05-_map_block-09,9,10,8bbbfb81cbe76c9f559f15f5c68f1eb4998915d8,"[53.6423082183, 37.6610913464]","[63.6187349434, 36.9748626676]",10.0,10,31,24,23,2,2,10.000000000044853,False,True,True,True,True,False,False,True,True,False,False,False,direct_target_at_range_boundary_no_bundle_refinement,two_vertex_skeleton;two_vertex_asp;source_direct_graph_edge;strict_radius_boundary,True,True,True
robot-local-final-extension,P05,_map_block.csv,P05-_map_block-10,10,11,8bbbfb81cbe76c9f559f15f5c68f1eb4998915d8,"[63.6187349434, 36.9748626676]","[65.7380386133, 46.7477103567]",10.0,11,40,26,25,2,2,9.99999999997994,True,True,True,True,True,False,False,True,True,False,False,False,direct_target_visible_no_bundle_refinement,two_vertex_skeleton;two_vertex_asp;current_sight_target_visible,True,True,True
robot-local-final-extension,P05,_map_block.csv,P05-_map_block-11,11,12,8bbbfb81cbe76c9f559f15f5c68f1eb4998915d8,"[65.7380386133, 46.7477103567]","[65.4714624706, 56.7441565832]",10.0,12,42,27,26,2,2,9.99999999995815,True,True,True,True,True,False,False,True,True,False,False,False,direct_target_visible_no_bundle_refinement,two_vertex_skeleton;two_vertex_asp;current_sight_target_visible,True,True,True
robot-local-final-extension,P05,_map_block.csv,P05-_map_block-12,12,13,8bbbfb81cbe76c9f559f15f5c68f1eb4998915d8,"[65.4714624706, 56.7441565832]","[65.662140166, 66.7423385188]",10.0,13,44,28,27,2,2,10.000000000044055,False,True,True,True,True,False,False,True,True,False,False,False,direct_target_at_range_boundary_no_bundle_refinement,two_vertex_skeleton;two_vertex_asp;source_direct_graph_edge;strict_radius_boundary,True,True,True
robot-local-final-extension,P05,_map_block.csv,P05-_map_block-13,13,14,8bbbfb81cbe76c9f559f15f5c68f1eb4998915d8,"[65.662140166, 66.7423385188]","[70.6203366089, 75.4265936989]",10.0,14,48,29,28,2,2,9.999999999974005,True,True,True,True,True,False,False,True,True,False,False,False,direct_target_visible_no_bundle_refinement,two_vertex_skeleton;two_vertex_asp;current_sight_target_visible,True,True,True
robot-local-final-extension,P05,_map_block.csv,P05-_map_block-14,14,15,8bbbfb81cbe76c9f559f15f5c68f1eb4998915d8,"[70.6203366089, 75.4265936989]","[63.8681921641, 82.8028085409]",10.0,15,56,31,30,2,2,9.999999999939227,True,True,True,True,True,False,False,True,True,False,False,False,direct_target_visible_no_bundle_refinement,two_vertex_skeleton;two_vertex_asp;current_sight_target_visible,True,True,True
robot-local-final-extension,P05,_map_block.csv,P05-_map_block-15,15,16,8bbbfb81cbe76c9f559f15f5c68f1eb4998915d8,"[63.8681921641, 82.8028085409]","[65.155453848, 92.7196103115]",10.0,16,64,32,31,2,2,10.000000000010619,False,True,True,True,True,False,False,True,True,False,False,False,direct_target_at_range_boundary_no_bundle_refinement,two_vertex_skeleton;two_vertex_asp;source_direct_graph_edge;strict_radius_boundary,True,True,True
robot-local-final-extension,P05,_map_block.csv,P05-_map_block-16,16,17,8bbbfb81cbe76c9f559f15f5c68f1eb4998915d8,"[65.155453848, 92.7196103115]","[70, 90]",10.0,17,70,32,31,2,2,5.555709465520604,True,True,True,False,False,False,False,True,True,False,False,False,direct_target_visible_no_bundle_refinement,two_vertex_skeleton;two_vertex_asp;current_sight_target_visible,True,True,True
robot-local-final-extension,P05,_map_block.csv,P05-_map_block-17,17,18,8bbbfb81cbe76c9f559f15f5c68f1eb4998915d8,"[70, 90]","[70, 90]",10.0,18,73,32,31,2,2,0.0,True,True,True,False,False,False,False,True,True,False,False,False,direct_target_visible_no_bundle_refinement,two_vertex_skeleton;two_vertex_asp;current_sight_target_visible,True,True,True
robot-local-final-extension,P06,_map_blocks_1.csv,P06-_map_blocks_1-00,0,1,8bbbfb81cbe76c9f559f15f5c68f1eb4998915d8,"[0, 0]","[14.1421356237, 14.1421356237]",20.0,1,0,7,6,2,2,19.99999999995623,True,True,True,True,True,False,False,True,True,False,False,False,direct_target_visible_no_bundle_refinement,two_vertex_skeleton;two_vertex_asp;current_sight_target_visible,True,True,True
robot-local-final-extension,P06,_map_blocks_1.csv,P06-_map_blocks_1-01,1,2,8bbbfb81cbe76c9f559f15f5c68f1eb4998915d8,"[14.1421356237, 14.1421356237]","[30.4407676149, 2.5509926595]",20.0,2,1,8,7,2,2,20.00000000002728,False,True,True,True,True,False,False,True,True,False,False,False,direct_target_at_range_boundary_no_bundle_refinement,two_vertex_skeleton;two_vertex_asp;source_direct_graph_edge;strict_radius_boundary,True,True,True
robot-local-final-extension,P06,_map_blocks_1.csv,P06-_map_blocks_1-02,2,3,8bbbfb81cbe76c9f559f15f5c68f1eb4998915d8,"[30.4407676149, 2.5509926595]","[39.3348717907, 20.4645325361]",20.0,3,3,12,11,2,2,20.00000000001303,False,True,True,True,True,False,False,True,True,False,False,False,direct_target_at_range_boundary_no_bundle_refinement,two_vertex_skeleton;two_vertex_asp;source_direct_graph_edge;strict_radius_boundary,True,True,True
robot-local-final-extension,P06,_map_blocks_1.csv,P06-_map_blocks_1-03,3,4,8bbbfb81cbe76c9f559f15f5c68f1eb4998915d8,"[39.3348717907, 20.4645325361]","[46.9237914262, 38.9688103865]",20.0,4,6,14,13,2,2,19.99999999997204,True,True,True,True,True,False,False,True,True,False,False,False,direct_target_visible_no_bundle_refinement,two_vertex_skeleton;two_vertex_asp;current_sight_target_visible,True,True,True
robot-local-final-extension,P06,_map_blocks_1.csv,P06-_map_blocks_1-04,4,5,8bbbfb81cbe76c9f559f15f5c68f1eb4998915d8,"[46.9237914262, 38.9688103865]","[29.8279221925, 38.0604954065]",20.0,5,10,14,13,3,4,17.11998192051214,True,True,True,False,False,False,False,True,True,True,True,False,eligible_nontrivial_bundle,,False,False,True
robot-local-final-extension,P06,_map_blocks_1.csv,P06-_map_blocks_1-05,5,6,8bbbfb81cbe76c9f559f15f5c68f1eb4998915d8,"[29.8279221925, 38.0604954065]","[10.0797120631, 34.8969220018]",20.0,6,12,15,14,2,2,20.000000000046548,False,True,True,True,True,False,False,True,True,False,False,False,direct_target_at_range_boundary_no_bundle_refinement,two_vertex_skeleton;two_vertex_asp;source_direct_graph_edge;strict_radius_boundary,True,True,True
robot-local-final-extension,P06,_map_blocks_1.csv,P06-_map_blocks_1-06,6,7,8bbbfb81cbe76c9f559f15f5c68f1eb4998915d8,"[10.0797120631, 34.8969220018]","[-9.919614419, 35.0610568968]",20.0,7,14,16,15,2,2,20.00000000003458,False,True,True,True,True,False,False,True,True,False,False,False,direct_target_at_range_boundary_no_bundle_refinement,two_vertex_skeleton;two_vertex_asp;source_direct_graph_edge;strict_radius_boundary,True,True,True
robot-local-final-extension,P06,_map_blocks_1.csv,P06-_map_blocks_1-07,7,8,8bbbfb81cbe76c9f559f15f5c68f1eb4998915d8,"[-9.919614419, 35.0610568968]","[-5.4188822429, 54.5480630773]",20.0,8,18,21,20,2,2,19.99999999999568,True,True,True,True,True,False,False,True,True,False,False,False,direct_target_visible_no_bundle_refinement,two_vertex_skeleton;two_vertex_asp;current_sight_target_visible,True,True,True
robot-local-final-extension,P06,_map_blocks_1.csv,P06-_map_blocks_1-08,8,9,8bbbfb81cbe76c9f559f15f5c68f1eb4998915d8,"[-5.4188822429, 54.5480630773]","[14.132854036, 58.7587172405]",20.0,9,20,25,24,2,2,20.000000000043194,False,True,True,True,True,False,False,True,True,False,False,False,direct_target_at_range_boundary_no_bundle_refinement,two_vertex_skeleton;two_vertex_asp;source_direct_graph_edge;strict_radius_boundary,True,True,True
robot-local-final-extension,P06,_map_blocks_1.csv,P06-_map_blocks_1-09,9,10,8bbbfb81cbe76c9f559f15f5c68f1eb4998915d8,"[14.132854036, 58.7587172405]","[30.8167594788, 69.7881006854]",20.0,10,21,26,25,2,2,19.999999999973145,True,True,True,True,True,False,False,True,True,False,False,False,direct_target_visible_no_bundle_refinement,two_vertex_skeleton;two_vertex_asp;current_sight_target_visible,True,True,True
robot-local-final-extension,P06,_map_blocks_1.csv,P06-_map_blocks_1-10,10,11,8bbbfb81cbe76c9f559f15f5c68f1eb4998915d8,"[30.8167594788, 69.7881006854]","[36.2436696451, 50.5384605317]",20.0,11,23,28,27,2,2,20.00000000000074,False,True,True,True,True,False,False,True,True,False,False,False,direct_target_at_range_boundary_no_bundle_refinement,two_vertex_skeleton;two_vertex_asp;source_direct_graph_edge;strict_radius_boundary,True,True,True
robot-local-final-extension,P06,_map_blocks_1.csv,P06-_map_blocks_1-11,11,12,8bbbfb81cbe76c9f559f15f5c68f1eb4998915d8,"[36.2436696451, 50.5384605317]","[51.3679578038, 63.6249385794]",20.0,12,26,29,28,2,2,20.000000000008182,False,True,True,True,True,False,False,True,True,False,False,False,direct_target_at_range_boundary_no_bundle_refinement,two_vertex_skeleton;two_vertex_asp;source_direct_graph_edge;strict_radius_boundary,True,True,True
robot-local-final-extension,P06,_map_blocks_1.csv,P06-_map_blocks_1-12,12,13,8bbbfb81cbe76c9f559f15f5c68f1eb4998915d8,"[51.3679578038, 63.6249385794]","[56.8120702873, 82.8697207103]",20.0,13,30,30,29,2,2,19.99999999997021,True,True,True,True,True,False,False,True,True,False,False,False,direct_target_visible_no_bundle_refinement,two_vertex_skeleton;two_vertex_asp;current_sight_target_visible,True,True,True
robot-local-final-extension,P06,_map_blocks_1.csv,P06-_map_blocks_1-13,13,14,8bbbfb81cbe76c9f559f15f5c68f1eb4998915d8,"[56.8120702873, 82.8697207103]","[76.5850208984, 79.8646542999]",20.0,14,34,31,30,2,2,19.999999999997858,True,True,True,True,True,False,False,True,True,False,False,False,direct_target_visible_no_bundle_refinement,two_vertex_skeleton;two_vertex_asp;current_sight_target_visible,True,True,True
robot-local-final-extension,P06,_map_blocks_1.csv,P06-_map_blocks_1-14,14,15,8bbbfb81cbe76c9f559f15f5c68f1eb4998915d8,"[76.5850208984, 79.8646542999]","[80.115784132, 60.1787783735]",20.0,15,38,32,31,2,2,20.000000000033907,False,True,True,True,True,False,False,True,True,False,False,False,direct_target_at_range_boundary_no_bundle_refinement,two_vertex_skeleton;two_vertex_asp;source_direct_graph_edge;strict_radius_boundary,True,True,True
robot-local-final-extension,P06,_map_blocks_1.csv,P06-_map_blocks_1-15,15,16,8bbbfb81cbe76c9f559f15f5c68f1eb4998915d8,"[80.115784132, 60.1787783735]","[82.000268577, 40.26775835]",20.0,16,40,33,32,2,2,19.999999999991623,True,True,True,True,True,False,False,True,True,False,False,False,direct_target_visible_no_bundle_refinement,two_vertex_skeleton;two_vertex_asp;current_sight_target_visible,True,True,True
robot-local-final-extension,P06,_map_blocks_1.csv,P06-_map_blocks_1-16,16,17,8bbbfb81cbe76c9f559f15f5c68f1eb4998915d8,"[82.000268577, 40.26775835]","[101.8587817645, 37.8930048926]",20.0,17,43,35,34,2,2,20.00000000003861,False,True,True,True,True,False,False,True,True,False,False,False,direct_target_at_range_boundary_no_bundle_refinement,two_vertex_skeleton;two_vertex_asp;source_direct_graph_edge;strict_radius_boundary,True,True,True
robot-local-final-extension,P06,_map_blocks_1.csv,P06-_map_blocks_1-17,17,18,8bbbfb81cbe76c9f559f15f5c68f1eb4998915d8,"[101.8587817645, 37.8930048926]","[108.9335618183, 56.59988831]",20.0,18,45,39,38,2,2,20.00000000004604,False,True,True,True,True,False,False,True,True,False,False,False,direct_target_at_range_boundary_no_bundle_refinement,two_vertex_skeleton;two_vertex_asp;source_direct_graph_edge;strict_radius_boundary,True,True,True
robot-local-final-extension,P06,_map_blocks_1.csv,P06-_map_blocks_1-18,18,19,8bbbfb81cbe76c9f559f15f5c68f1eb4998915d8,"[108.9335618183, 56.59988831]","[107.2398795434, 76.5280452833]",20.0,19,46,43,42,2,2,20.000000000019902,False,True,True,True,True,False,False,True,True,False,False,False,direct_target_at_range_boundary_no_bundle_refinement,two_vertex_skeleton;two_vertex_asp;source_direct_graph_edge;strict_radius_boundary,True,True,True
robot-local-final-extension,P06,_map_blocks_1.csv,P06-_map_blocks_1-19,19,20,8bbbfb81cbe76c9f559f15f5c68f1eb4998915d8,"[107.2398795434, 76.5280452833]","[118.4971504814, 93.0590419571]",20.0,20,47,44,43,2,2,20.000000000018158,False,True,True,True,True,False,False,True,True,False,False,False,direct_target_at_range_boundary_no_bundle_refinement,two_vertex_skeleton;two_vertex_asp;source_direct_graph_edge;strict_radius_boundary,True,True,True
robot-local-final-extension,P06,_map_blocks_1.csv,P06-_map_blocks_1-20,20,21,8bbbfb81cbe76c9f559f15f5c68f1eb4998915d8,"[118.4971504814, 93.0590419571]","[100, 100]",20.0,21,48,44,43,2,2,19.75655522819842,True,True,True,False,False,False,False,True,True,False,False,False,direct_target_visible_no_bundle_refinement,two_vertex_skeleton;two_vertex_asp;current_sight_target_visible,True,True,True
robot-local-final-extension,P06,_map_blocks_1.csv,P06-_map_blocks_1-21,21,22,8bbbfb81cbe76c9f559f15f5c68f1eb4998915d8,"[100, 100]","[100, 100]",20.0,22,49,44,43,2,2,0.0,True,True,True,False,False,False,False,True,True,False,False,False,direct_target_visible_no_bundle_refinement,two_vertex_skeleton;two_vertex_asp;current_sight_target_visible,True,True,True
robot-local-final-extension,P07,_map_blocks.csv,P07-_map_blocks-00,0,1,8bbbfb81cbe76c9f559f15f5c68f1eb4998915d8,"[0, 0]","[14.1421356237, 14.1421356237]",20.0,1,0,7,6,2,2,19.99999999995623,True,True,True,True,True,False,False,True,True,False,False,False,direct_target_visible_no_bundle_refinement,two_vertex_skeleton;two_vertex_asp;current_sight_target_visible,True,True,True
robot-local-final-extension,P07,_map_blocks.csv,P07-_map_blocks-01,1,2,8bbbfb81cbe76c9f559f15f5c68f1eb4998915d8,"[14.1421356237, 14.1421356237]","[28.2842712474, 28.2842712474]",20.0,2,0,10,11,2,2,19.99999999995623,True,True,True,True,True,False,False,True,True,False,False,False,direct_target_visible_no_bundle_refinement,two_vertex_skeleton;two_vertex_asp;current_sight_target_visible,True,True,True
robot-local-final-extension,P07,_map_blocks.csv,P07-_map_blocks-02,2,3,8bbbfb81cbe76c9f559f15f5c68f1eb4998915d8,"[28.2842712474, 28.2842712474]","[42.4264068711, 42.4264068711]",20.0,3,0,13,16,2,2,19.99999999995623,True,True,True,True,True,False,False,True,True,False,False,False,direct_target_visible_no_bundle_refinement,two_vertex_skeleton;two_vertex_asp;current_sight_target_visible,True,True,True
robot-local-final-extension,P07,_map_blocks.csv,P07-_map_blocks-03,3,4,8bbbfb81cbe76c9f559f15f5c68f1eb4998915d8,"[42.4264068711, 42.4264068711]","[56.5685424948, 56.5685424948]",20.0,4,0,16,21,2,2,19.99999999995623,True,True,True,True,True,False,False,True,True,False,False,False,direct_target_visible_no_bundle_refinement,two_vertex_skeleton;two_vertex_asp;current_sight_target_visible,True,True,True
robot-local-final-extension,P07,_map_blocks.csv,P07-_map_blocks-04,4,5,8bbbfb81cbe76c9f559f15f5c68f1eb4998915d8,"[56.5685424948, 56.5685424948]","[67.5052914726, 73.3133184502]",20.0,5,3,19,24,2,2,19.99999999999879,True,True,True,True,True,False,False,True,True,False,False,False,direct_target_visible_no_bundle_refinement,two_vertex_skeleton;two_vertex_asp;current_sight_target_visible,True,True,True
robot-local-final-extension,P07,_map_blocks.csv,P07-_map_blocks-05,5,6,8bbbfb81cbe76c9f559f15f5c68f1eb4998915d8,"[67.5052914726, 73.3133184502]","[79.2396196409, 89.5091679938]",20.0,6,4,23,28,2,2,20.00000000000718,False,True,True,True,True,False,False,True,True,False,False,False,direct_target_at_range_boundary_no_bundle_refinement,two_vertex_skeleton;two_vertex_asp;source_direct_graph_edge;strict_radius_boundary,True,True,True
robot-local-final-extension,P07,_map_blocks.csv,P07-_map_blocks-06,6,7,8bbbfb81cbe76c9f559f15f5c68f1eb4998915d8,"[79.2396196409, 89.5091679938]","[83.2200616788, 109.1090680237]",20.0,7,10,27,32,2,2,19.999999999978886,True,True,True,True,True,False,False,True,True,False,False,False,direct_target_visible_no_bundle_refinement,two_vertex_skeleton;two_vertex_asp;current_sight_target_visible,True,True,True
robot-local-final-extension,P07,_map_blocks.csv,P07-_map_blocks-07,7,8,8bbbfb81cbe76c9f559f15f5c68f1eb4998915d8,"[83.2200616788, 109.1090680237]","[84.9459278134, 129.0344635301]",20.0,8,13,30,35,2,2,20.000000000025608,False,True,True,True,True,False,False,True,True,False,False,False,direct_target_at_range_boundary_no_bundle_refinement,two_vertex_skeleton;two_vertex_asp;source_direct_graph_edge;strict_radius_boundary,True,True,True
robot-local-final-extension,P07,_map_blocks.csv,P07-_map_blocks-08,8,9,8bbbfb81cbe76c9f559f15f5c68f1eb4998915d8,"[84.9459278134, 129.0344635301]","[73.7373972393, 145.5985464317]",20.0,9,14,31,36,2,2,20.000000000040295,False,True,True,True,True,False,False,True,True,False,False,False,direct_target_at_range_boundary_no_bundle_refinement,two_vertex_skeleton;two_vertex_asp;source_direct_graph_edge;strict_radius_boundary,True,True,True
robot-local-final-extension,P07,_map_blocks.csv,P07-_map_blocks-09,9,10,8bbbfb81cbe76c9f559f15f5c68f1eb4998915d8,"[73.7373972393, 145.5985464317]","[85.0965117052, 162.0597286052]",20.0,10,21,33,38,2,2,19.99999999996434,True,True,True,True,True,False,False,True,True,False,False,False,direct_target_visible_no_bundle_refinement,two_vertex_skeleton;two_vertex_asp;current_sight_target_visible,True,True,True
robot-local-final-extension,P07,_map_blocks.csv,P07-_map_blocks-10,10,11,8bbbfb81cbe76c9f559f15f5c68f1eb4998915d8,"[85.0965117052, 162.0597286052]","[105.043383228, 163.5165458389]",20.0,11,26,35,40,2,2,19.999999999987367,True,True,True,True,True,False,False,True,True,False,False,False,direct_target_visible_no_bundle_refinement,two_vertex_skeleton;two_vertex_asp;current_sight_target_visible,True,True,True
robot-local-final-extension,P07,_map_blocks.csv,P07-_map_blocks-11,11,12,8bbbfb81cbe76c9f559f15f5c68f1eb4998915d8,"[105.043383228, 163.5165458389]","[124.6943611589, 159.7964562758]",20.0,12,33,37,42,2,2,19.999999999955104,True,True,True,True,True,False,False,True,True,False,False,False,direct_target_visible_no_bundle_refinement,two_vertex_skeleton;two_vertex_asp;current_sight_target_visible,True,True,True
robot-local-final-extension,P07,_map_blocks.csv,P07-_map_blocks-12,12,13,8bbbfb81cbe76c9f559f15f5c68f1eb4998915d8,"[124.6943611589, 159.7964562758]","[144.6868890521, 160.3431083052]",20.0,13,38,39,44,2,2,20.0000000000407,False,True,True,True,True,False,False,True,True,False,False,False,direct_target_at_range_boundary_no_bundle_refinement,two_vertex_skeleton;two_vertex_asp;source_direct_graph_edge;strict_radius_boundary,True,True,True
robot-local-final-extension,P07,_map_blocks.csv,P07-_map_blocks-13,13,14,8bbbfb81cbe76c9f559f15f5c68f1eb4998915d8,"[144.6868890521, 160.3431083052]","[150, 150]",20.0,14,41,39,44,2,2,11.627942094704107,True,True,True,False,False,False,False,True,True,False,False,False,direct_target_visible_no_bundle_refinement,two_vertex_skeleton;two_vertex_asp;current_sight_target_visible,True,True,True
robot-local-final-extension,P07,_map_blocks.csv,P07-_map_blocks-14,14,15,8bbbfb81cbe76c9f559f15f5c68f1eb4998915d8,"[150, 150]","[150, 150]",20.0,15,41,39,44,2,2,0.0,True,True,True,False,False,False,False,True,True,False,False,False,direct_target_visible_no_bundle_refinement,two_vertex_skeleton;two_vertex_asp;current_sight_target_visible,True,True,True
robot-local-final-extension,P08,_map_forest.csv,P08-_map_forest-00,0,1,8bbbfb81cbe76c9f559f15f5c68f1eb4998915d8,"[0, 0]","[7.0710678119, 7.0710678119]",10.0,1,0,7,6,2,2,10.000000000048825,False,True,True,True,True,False,False,True,True,False,False,False,direct_target_at_range_boundary_no_bundle_refinement,two_vertex_skeleton;two_vertex_asp;source_direct_graph_edge;strict_radius_boundary,True,True,True
robot-local-final-extension,P08,_map_forest.csv,P08-_map_forest-01,1,2,8bbbfb81cbe76c9f559f15f5c68f1eb4998915d8,"[7.0710678119, 7.0710678119]","[11.3949938734, 16.0879222199]",10.0,2,6,10,9,2,2,10.000000000019398,False,True,True,True,True,False,False,True,True,False,False,False,direct_target_at_range_boundary_no_bundle_refinement,two_vertex_skeleton;two_vertex_asp;source_direct_graph_edge;strict_radius_boundary,True,True,True
robot-local-final-extension,P08,_map_forest.csv,P08-_map_forest-02,2,3,8bbbfb81cbe76c9f559f15f5c68f1eb4998915d8,"[11.3949938734, 16.0879222199]","[19.4230353951, 22.0503503599]",10.0,3,18,12,11,2,2,9.999999999940156,True,True,True,True,True,False,False,True,True,False,False,False,direct_target_visible_no_bundle_refinement,two_vertex_skeleton;two_vertex_asp;current_sight_target_visible,True,True,True
robot-local-final-extension,P08,_map_forest.csv,P08-_map_forest-03,3,4,8bbbfb81cbe76c9f559f15f5c68f1eb4998915d8,"[19.4230353951, 22.0503503599]","[26.190360429, 29.4126402133]",10.0,4,29,15,14,2,2,9.999999999996309,True,True,True,True,True,False,False,True,True,False,False,False,direct_target_visible_no_bundle_refinement,two_vertex_skeleton;two_vertex_asp;current_sight_target_visible,True,True,True
robot-local-final-extension,P08,_map_forest.csv,P08-_map_forest-04,4,5,8bbbfb81cbe76c9f559f15f5c68f1eb4998915d8,"[26.190360429, 29.4126402133]","[32.5420261385, 37.1363920681]",10.0,5,38,17,16,2,2,9.99999999998823,True,True,True,True,True,False,False,True,True,False,False,False,direct_target_visible_no_bundle_refinement,two_vertex_skeleton;two_vertex_asp;current_sight_target_visible,True,True,True
robot-local-final-extension,P08,_map_forest.csv,P08-_map_forest-05,5,6,8bbbfb81cbe76c9f559f15f5c68f1eb4998915d8,"[32.5420261385, 37.1363920681]","[42.0061143488, 40.3661032545]",10.0,6,50,19,18,2,2,9.999999999994834,True,True,True,True,True,False,False,True,True,False,False,False,direct_target_visible_no_bundle_refinement,two_vertex_skeleton;two_vertex_asp;current_sight_target_visible,True,True,True
robot-local-final-extension,P08,_map_forest.csv,P08-_map_forest-06,6,7,8bbbfb81cbe76c9f559f15f5c68f1eb4998915d8,"[42.0061143488, 40.3661032545]","[44.9409635788, 49.9257402767]",10.0,7,58,21,20,2,2,9.999999999952426,True,True,True,True,True,False,False,True,True,False,False,False,direct_target_visible_no_bundle_refinement,two_vertex_skeleton;two_vertex_asp;current_sight_target_visible,True,True,True
robot-local-final-extension,P08,_map_forest.csv,P08-_map_forest-07,7,8,8bbbfb81cbe76c9f559f15f5c68f1eb4998915d8,"[44.9409635788, 49.9257402767]","[46.8030241325, 59.750847426]",10.0,8,70,22,21,2,2,10.000000000043578,False,True,True,True,True,False,False,True,True,False,False,False,direct_target_at_range_boundary_no_bundle_refinement,two_vertex_skeleton;two_vertex_asp;source_direct_graph_edge;strict_radius_boundary,True,True,True
robot-local-final-extension,P08,_map_forest.csv,P08-_map_forest-08,8,9,8bbbfb81cbe76c9f559f15f5c68f1eb4998915d8,"[46.8030241325, 59.750847426]","[56.1339502684, 63.3472091218]",10.0,9,85,24,23,2,2,10.000000000031958,False,True,True,True,True,False,False,True,True,False,False,False,direct_target_at_range_boundary_no_bundle_refinement,two_vertex_skeleton;two_vertex_asp;source_direct_graph_edge;strict_radius_boundary,True,True,True
robot-local-final-extension,P08,_map_forest.csv,P08-_map_forest-09,9,10,8bbbfb81cbe76c9f559f15f5c68f1eb4998915d8,"[56.1339502684, 63.3472091218]","[66.0115284974, 64.9071605092]",10.0,10,92,25,24,2,2,10.000000000053292,False,True,True,True,True,False,False,True,True,False,False,False,direct_target_at_range_boundary_no_bundle_refinement,two_vertex_skeleton;two_vertex_asp;source_direct_graph_edge;strict_radius_boundary,True,True,True
robot-local-final-extension,P08,_map_forest.csv,P08-_map_forest-10,10,11,8bbbfb81cbe76c9f559f15f5c68f1eb4998915d8,"[66.0115284974, 64.9071605092]","[75.4051329408, 68.3364746624]",10.0,11,101,28,27,2,2,10.000000000020108,False,True,True,True,True,False,False,True,True,False,False,False,direct_target_at_range_boundary_no_bundle_refinement,two_vertex_skeleton;two_vertex_asp;source_direct_graph_edge;strict_radius_boundary,True,True,True
robot-local-final-extension,P08,_map_forest.csv,P08-_map_forest-11,11,12,8bbbfb81cbe76c9f559f15f5c68f1eb4998915d8,"[75.4051329408, 68.3364746624]","[84.4893719673, 72.5169771813]",10.0,12,114,29,28,2,2,10.000000000055751,False,True,True,True,True,False,False,True,True,False,False,False,direct_target_at_range_boundary_no_bundle_refinement,two_vertex_skeleton;two_vertex_asp;source_direct_graph_edge;strict_radius_boundary,True,True,True
robot-local-final-extension,P08,_map_forest.csv,P08-_map_forest-12,12,13,8bbbfb81cbe76c9f559f15f5c68f1eb4998915d8,"[84.4893719673, 72.5169771813]","[88.5396279228, 81.660030648]",10.0,13,128,31,30,2,2,9.999999999999899,True,True,True,True,True,False,False,True,True,False,False,False,direct_target_visible_no_bundle_refinement,two_vertex_skeleton;two_vertex_asp;current_sight_target_visible,True,True,True
robot-local-final-extension,P08,_map_forest.csv,P08-_map_forest-13,13,14,8bbbfb81cbe76c9f559f15f5c68f1eb4998915d8,"[88.5396279228, 81.660030648]","[94.9709243671, 89.3176037652]",10.0,14,135,36,35,2,2,9.9999999999865,True,True,True,True,True,False,False,True,True,False,False,False,direct_target_visible_no_bundle_refinement,two_vertex_skeleton;two_vertex_asp;current_sight_target_visible,True,True,True
robot-local-final-extension,P08,_map_forest.csv,P08-_map_forest-14,14,15,8bbbfb81cbe76c9f559f15f5c68f1eb4998915d8,"[94.9709243671, 89.3176037652]","[99.2303269913, 98.3651166436]",10.0,15,135,40,39,2,2,9.999999999992788,True,True,True,True,True,False,False,True,True,False,False,False,direct_target_visible_no_bundle_refinement,two_vertex_skeleton;two_vertex_asp;current_sight_target_visible,True,True,True
robot-local-final-extension,P08,_map_forest.csv,P08-_map_forest-15,15,16,8bbbfb81cbe76c9f559f15f5c68f1eb4998915d8,"[99.2303269913, 98.3651166436]","[100, 100]",10.0,16,135,40,39,2,2,1.8069975454756493,True,True,True,False,False,False,False,True,True,False,False,False,direct_target_visible_no_bundle_refinement,two_vertex_skeleton;two_vertex_asp;current_sight_target_visible,True,True,True
robot-local-final-extension,P08,_map_forest.csv,P08-_map_forest-16,16,17,8bbbfb81cbe76c9f559f15f5c68f1eb4998915d8,"[100, 100]","[100, 100]",10.0,17,135,40,39,2,2,0.0,True,True,True,False,False,False,False,True,True,False,False,False,direct_target_visible_no_bundle_refinement,two_vertex_skeleton;two_vertex_asp;current_sight_target_visible,True,True,True
robot-local-final-extension,P09,_map_forest_1.csv,P09-_map_forest_1-00,0,1,8bbbfb81cbe76c9f559f15f5c68f1eb4998915d8,"[0, 0]","[17.88854382, 8.94427191]",20.0,1,0,7,6,2,2,20.00000000000188,False,True,True,True,True,False,False,True,True,False,False,False,direct_target_at_range_boundary_no_bundle_refinement,two_vertex_skeleton;two_vertex_asp;source_direct_graph_edge;strict_radius_boundary,True,True,True
robot-local-final-extension,P09,_map_forest_1.csv,P09-_map_forest_1-01,1,2,8bbbfb81cbe76c9f559f15f5c68f1eb4998915d8,"[17.88854382, 8.94427191]","[35.77708764, 17.88854382]",20.0,2,0,10,9,2,2,20.00000000000188,False,True,True,True,True,False,False,True,True,False,False,False,direct_target_at_range_boundary_no_bundle_refinement,two_vertex_skeleton;two_vertex_asp;source_direct_graph_edge;strict_radius_boundary,True,True,True
robot-local-final-extension,P09,_map_forest_1.csv,P09-_map_forest_1-02,2,3,8bbbfb81cbe76c9f559f15f5c68f1eb4998915d8,"[35.77708764, 17.88854382]","[53.66563146, 26.83281573]",20.0,3,0,13,12,2,2,20.000000000001883,False,True,True,True,True,False,False,True,True,False,False,False,direct_target_at_range_boundary_no_bundle_refinement,two_vertex_skeleton;two_vertex_asp;source_direct_graph_edge;strict_radius_boundary,True,True,True
robot-local-final-extension,P09,_map_forest_1.csv,P09-_map_forest_1-03,3,4,8bbbfb81cbe76c9f559f15f5c68f1eb4998915d8,"[53.66563146, 26.83281573]","[71.55417528, 35.77708764]",20.0,4,0,16,15,2,2,20.000000000001876,False,True,True,True,True,False,False,True,True,False,False,False,direct_target_at_range_boundary_no_bundle_refinement,two_vertex_skeleton;two_vertex_asp;source_direct_graph_edge;strict_radius_boundary,True,True,True
robot-local-final-extension,P09,_map_forest_1.csv,P09-_map_forest_1-04,4,5,8bbbfb81cbe76c9f559f15f5c68f1eb4998915d8,"[71.55417528, 35.77708764]","[77.2997999096, 16.6201620616]",20.0,5,8,17,16,2,2,20.000000000015557,False,True,True,True,True,False,False,True,True,False,False,False,direct_target_at_range_boundary_no_bundle_refinement,two_vertex_skeleton;two_vertex_asp;source_direct_graph_edge;strict_radius_boundary,True,True,True
robot-local-final-extension,P09,_map_forest_1.csv,P09-_map_forest_1-05,5,6,8bbbfb81cbe76c9f559f15f5c68f1eb4998915d8,"[77.2997999096, 16.6201620616]","[96.1236982789, 23.3774433331]",20.0,6,13,21,20,2,2,19.999999999997495,True,True,True,True,True,False,False,True,True,False,False,False,direct_target_visible_no_bundle_refinement,two_vertex_skeleton;two_vertex_asp;current_sight_target_visible,True,True,True
robot-local-final-extension,P09,_map_forest_1.csv,P09-_map_forest_1-06,6,7,8bbbfb81cbe76c9f559f15f5c68f1eb4998915d8,"[96.1236982789, 23.3774433331]","[114.7338701091, 30.7028446497]",20.0,7,25,24,23,2,2,19.999999999970367,True,True,True,True,True,False,False,True,True,False,False,False,direct_target_visible_no_bundle_refinement,two_vertex_skeleton;two_vertex_asp;current_sight_target_visible,True,True,True
robot-local-final-extension,P09,_map_forest_1.csv,P09-_map_forest_1-07,7,8,8bbbfb81cbe76c9f559f15f5c68f1eb4998915d8,"[114.7338701091, 30.7028446497]","[133.7808386476, 24.6025996143]",20.0,8,44,25,24,2,2,19.99999999996329,True,True,True,True,True,False,False,True,True,False,False,False,direct_target_visible_no_bundle_refinement,two_vertex_skeleton;two_vertex_asp;current_sight_target_visible,True,True,True
robot-local-final-extension,P09,_map_forest_1.csv,P09-_map_forest_1-08,8,9,8bbbfb81cbe76c9f559f15f5c68f1eb4998915d8,"[133.7808386476, 24.6025996143]","[138.5038579506, 44.0369271988]",20.0,9,52,29,28,2,2,19.999999999954206,True,True,True,True,True,False,False,True,True,False,False,False,direct_target_visible_no_bundle_refinement,two_vertex_skeleton;two_vertex_asp;current_sight_target_visible,True,True,True
robot-local-final-extension,P09,_map_forest_1.csv,P09-_map_forest_1-09,9,10,8bbbfb81cbe76c9f559f15f5c68f1eb4998915d8,"[138.5038579506, 44.0369271988]","[145.8242375684, 62.6490749054]",20.0,10,60,33,32,2,2,20.000000000024933,False,True,True,True,True,False,False,True,True,False,False,False,direct_target_at_range_boundary_no_bundle_refinement,two_vertex_skeleton;two_vertex_asp;source_direct_graph_edge;strict_radius_boundary,True,True,True
robot-local-final-extension,P09,_map_forest_1.csv,P09-_map_forest_1-10,10,11,8bbbfb81cbe76c9f559f15f5c68f1eb4998915d8,"[145.8242375684, 62.6490749054]","[158.4780561539, 78.1371630768]",20.0,11,60,37,36,2,2,19.999999999995143,True,True,True,True,True,False,False,True,True,False,False,False,direct_target_visible_no_bundle_refinement,two_vertex_skeleton;two_vertex_asp;current_sight_target_visible,True,True,True
robot-local-final-extension,P09,_map_forest_1.csv,P09-_map_forest_1-11,11,12,8bbbfb81cbe76c9f559f15f5c68f1eb4998915d8,"[158.4780561539, 78.1371630768]","[160, 80]",20.0,12,73,37,36,2,2,2.405509192067012,True,True,True,False,False,False,False,True,True,False,False,False,direct_target_visible_no_bundle_refinement,two_vertex_skeleton;two_vertex_asp;current_sight_target_visible,True,True,True
robot-local-final-extension,P09,_map_forest_1.csv,P09-_map_forest_1-12,12,13,8bbbfb81cbe76c9f559f15f5c68f1eb4998915d8,"[160, 80]","[160, 80]",20.0,13,84,37,36,2,2,0.0,True,True,True,False,False,False,False,True,True,False,False,False,direct_target_visible_no_bundle_refinement,two_vertex_skeleton;two_vertex_asp;current_sight_target_visible,True,True,True
robot-local-final-extension,P10,_map.csv,P10-_map-00,0,1,8bbbfb81cbe76c9f559f15f5c68f1eb4998915d8,"[0, 0]","[13.6058633696, 14.6588022009]",20.0,1,1,7,6,2,2,19.999999999933344,True,True,True,True,True,False,False,True,True,False,False,False,direct_target_visible_no_bundle_refinement,two_vertex_skeleton;two_vertex_asp;current_sight_target_visible,True,True,True
robot-local-final-extension,P10,_map.csv,P10-_map-01,1,2,8bbbfb81cbe76c9f559f15f5c68f1eb4998915d8,"[13.6058633696, 14.6588022009]","[15.5969367698, 34.5594460778]",20.0,2,4,9,8,2,2,20.000000000004533,False,True,True,True,True,False,False,True,True,False,False,False,direct_target_at_range_boundary_no_bundle_refinement,two_vertex_skeleton;two_vertex_asp;source_direct_graph_edge;strict_radius_boundary,True,True,True
robot-local-final-extension,P10,_map.csv,P10-_map-02,2,3,8bbbfb81cbe76c9f559f15f5c68f1eb4998915d8,"[15.5969367698, 34.5594460778]","[33.6534472282, 25.959304796]",20.0,3,7,10,9,2,2,20.000000000030727,False,True,True,True,True,False,False,True,True,False,False,False,direct_target_at_range_boundary_no_bundle_refinement,two_vertex_skeleton;two_vertex_asp;source_direct_graph_edge;strict_radius_boundary,True,True,True
robot-local-final-extension,P10,_map.csv,P10-_map-03,3,4,8bbbfb81cbe76c9f559f15f5c68f1eb4998915d8,"[33.6534472282, 25.959304796]","[43.9936183326, 43.0789093922]",20.0,4,11,11,10,2,2,19.999999999962522,True,True,True,True,True,False,False,True,True,False,False,False,direct_target_visible_no_bundle_refinement,two_vertex_skeleton;two_vertex_asp;current_sight_target_visible,True,True,True
robot-local-final-extension,P10,_map.csv,P10-_map-04,4,5,8bbbfb81cbe76c9f559f15f5c68f1eb4998915d8,"[43.9936183326, 43.0789093922]","[60.951208826, 53.6826881837]",20.0,5,18,14,13,2,2,20.00000000002288,False,True,True,True,True,False,False,True,True,False,False,False,direct_target_at_range_boundary_no_bundle_refinement,two_vertex_skeleton;two_vertex_asp;source_direct_graph_edge;strict_radius_boundary,True,True,True
robot-local-final-extension,P10,_map.csv,P10-_map-05,5,6,8bbbfb81cbe76c9f559f15f5c68f1eb4998915d8,"[60.951208826, 53.6826881837]","[76.497978914, 66.2643391021]",20.0,6,22,16,15,2,2,20.000000000040174,False,True,True,True,True,False,False,True,True,False,False,False,direct_target_at_range_boundary_no_bundle_refinement,two_vertex_skeleton;two_vertex_asp;source_direct_graph_edge;strict_radius_boundary,True,True,True
robot-local-final-extension,P10,_map.csv,P10-_map-06,6,7,8bbbfb81cbe76c9f559f15f5c68f1eb4998915d8,"[76.497978914, 66.2643391021]","[57.3822786763, 72.1456658591]",20.0,7,28,19,18,2,2,20.000000000005205,False,True,True,True,True,False,False,True,True,False,False,False,direct_target_at_range_boundary_no_bundle_refinement,two_vertex_skeleton;two_vertex_asp;source_direct_graph_edge;strict_radius_boundary,True,True,True
robot-local-final-extension,P10,_map.csv,P10-_map-07,7,8,8bbbfb81cbe76c9f559f15f5c68f1eb4998915d8,"[57.3822786763, 72.1456658591]","[91.9603961309, 78.9495136696]",20.0,8,31,19,18,3,4,35.24114855864602,False,False,True,False,False,False,False,True,True,True,True,False,eligible_nontrivial_bundle,,False,False,True
robot-local-final-extension,P10,_map.csv,P10-_map-08,8,9,8bbbfb81cbe76c9f559f15f5c68f1eb4998915d8,"[91.9603961309, 78.9495136696]","[76.3401837403, 91.4398685434]",20.0,9,34,20,19,2,2,20.000000000022823,False,True,True,True,True,False,False,True,True,False,False,False,direct_target_at_range_boundary_no_bundle_refinement,two_vertex_skeleton;two_vertex_asp;source_direct_graph_edge;strict_radius_boundary,True,True,True
robot-local-final-extension,P10,_map.csv,P10-_map-09,9,10,8bbbfb81cbe76c9f559f15f5c68f1eb4998915d8,"[76.3401837403, 91.4398685434]","[70, 90]",20.0,10,36,20,19,2,2,6.501626818192305,True,True,True,False,False,False,False,True,True,False,False,False,direct_target_visible_no_bundle_refinement,two_vertex_skeleton;two_vertex_asp;current_sight_target_visible,True,True,True
robot-local-final-extension,P10,_map.csv,P10-_map-10,10,11,8bbbfb81cbe76c9f559f15f5c68f1eb4998915d8,"[70, 90]","[70, 90]",20.0,11,38,20,19,2,2,0.0,True,True,True,False,False,False,False,True,True,False,False,False,direct_target_visible_no_bundle_refinement,two_vertex_skeleton;two_vertex_asp;current_sight_target_visible,True,True,True
